GAME_ID,GAME_DATE,HOME_TEAM,AWAY_TEAM,HOME_WIN
0022401195,2025-04-13,MIN,UTA,True
0022401189,2025-04-13,CLE,IND,False
0022401188,2025-04-13,BKN,NYK,False
0022401197,2025-04-13,SAS,TOR,True
0022401190,2025-04-13,MIA,WAS,False
0022401192,2025-04-13,MIL,DET,True
0022401196,2025-04-13,NOP,OKC,False
0022401186,2025-04-13,ATL,ORL,True
0022401191,2025-04-13,PHI,CHI,False
0022401200,2025-04-13,SAC,PHX,True
0022401187,2025-04-13,BOS,CHA,True
0022401193,2025-04-13,HOU,DEN,False
0022401199,2025-04-13,POR,LAL,True
0022401194,2025-04-13,MEM,DAL,True
0022401198,2025-04-13,GSW,LAC,False
0022401182,2025-04-11,PHX,SAS,True
0022401173,2025-04-11,PHI,ATL,False
0022401171,2025-04-11,DET,MIL,False
0022401178,2025-04-11,DAL,TOR,True
0022401185,2025-04-11,LAL,HOU,True
0022401183,2025-04-11,POR,GSW,False
0022401174,2025-04-11,BOS,CHA,True
0022401180,2025-04-11,DEN,MEM,True
0022401175,2025-04-11,NYK,CLE,False
0022401177,2025-04-11,NOP,MIA,False
0022401179,2025-04-11,MIN,BKN,True
0022401176,2025-04-11,CHI,WAS,True
0022401181,2025-04-11,UTA,OKC,False
0022401184,2025-04-11,SAC,LAC,False
0022401172,2025-04-11,IND,ORL,False
0022401161,2025-04-10,MIL,NOP,True
0022401170,2025-04-10,MEM,MIN,False
0022401167,2025-04-10,DET,NYK,True
0022401168,2025-04-10,IND,CLE,True
0022401169,2025-04-10,BKN,ATL,False
0022401160,2025-04-09,CHI,MIA,True
0022401163,2025-04-09,GSW,SAS,False
0022401156,2025-04-09,ORL,BOS,True
0022401162,2025-04-09,UTA,POR,True
0022401165,2025-04-09,SAC,DEN,False
0022401158,2025-04-09,TOR,CHA,True
0022401164,2025-04-09,PHX,OKC,False
0022401166,2025-04-09,LAC,HOU,True
0022401159,2025-04-09,DAL,LAL,False
0022401157,2025-04-09,WAS,PHI,False
0022401148,2025-04-08,IND,WAS,True
0022401151,2025-04-08,NYK,BOS,False
0022401154,2025-04-08,PHX,GSW,False
0022401150,2025-04-08,BKN,NOP,True
0022401147,2025-04-08,CLE,CHI,True
0022401149,2025-04-08,ORL,ATL,True
0022401155,2025-04-08,LAC,SAS,True
0022401146,2025-04-08,CHA,MEM,False
0022401153,2025-04-08,OKC,LAL,True
0022401152,2025-04-08,MIL,MIN,True
0022401145,2025-04-07,MIA,PHI,True
0022401144,2025-04-07,DET,SAC,False
0022401138,2025-04-06,CLE,SAC,False
0022401143,2025-04-06,GSW,HOU,False
0022400617,2025-04-06,NOP,MIL,False
0022401142,2025-04-06,DEN,IND,False
0022401135,2025-04-06,OKC,LAL,False
0022401140,2025-04-06,NYK,PHX,True
0022401137,2025-04-06,BOS,WAS,True
0022401136,2025-04-06,ATL,UTA,True
0022401139,2025-04-06,POR,SAS,True
0022401134,2025-04-06,BKN,TOR,False
0022401133,2025-04-06,CHA,CHI,False
0022401132,2025-04-05,LAC,DAL,True
0022401129,2025-04-05,DET,MEM,False
0022401130,2025-04-05,PHI,MIN,False
0022401131,2025-04-05,MIA,MIL,False
0022401128,2025-04-05,ATL,NYK,False
0022401121,2025-04-04,TOR,DET,False
0022401125,2025-04-04,GSW,DEN,True
0022401127,2025-04-04,LAC,DAL,True
0022401122,2025-04-04,CHI,POR,True
0022401126,2025-04-04,LAL,NOP,True
0022401124,2025-04-04,SAS,CLE,False
0022401123,2025-04-04,HOU,OKC,True
0022401118,2025-04-04,CHA,SAC,False
0022401120,2025-04-04,BOS,PHX,True
0022401119,2025-04-04,IND,UTA,True
0022401117,2025-04-03,LAL,GSW,False
0022401114,2025-04-03,MIA,MEM,False
0022401113,2025-04-03,BKN,MIN,False
0022401112,2025-04-03,WAS,ORL,False
0022401115,2025-04-03,PHI,MIL,False
0022401116,2025-04-03,TOR,POR,False
0022401105,2025-04-02,WAS,SAC,True
0022401103,2025-04-02,CLE,NYK,True
0022401110,2025-04-02,DEN,SAS,False
0022401111,2025-04-02,LAC,NOP,True
0022401109,2025-04-02,DAL,ATL,True
0022401108,2025-04-02,OKC,DET,True
0022401104,2025-04-02,IND,CHA,True
0022401107,2025-04-02,HOU,UTA,True
0022401106,2025-04-02,BOS,MIA,False
0022401097,2025-04-01,ATL,POR,False
0022400988,2025-04-01,SAS,ORL,False
0022401100,2025-04-01,MEM,GSW,False
0022401101,2025-04-01,MIL,PHX,True
0022401098,2025-04-01,NYK,PHI,True
0022401099,2025-04-01,CHI,TOR,True
0022401102,2025-04-01,DEN,MIN,False
0022401091,2025-03-31,ORL,LAC,False
0022401094,2025-03-31,OKC,CHI,True
0022401089,2025-03-31,CHA,UTA,True
0022401093,2025-03-31,MEM,BOS,False
0022401090,2025-03-31,IND,SAC,True
0022401092,2025-03-31,WAS,MIA,False
0022401095,2025-03-31,DAL,BKN,False
0022401096,2025-03-31,LAL,HOU,True
0022401081,2025-03-30,CLE,LAC,True
0022401083,2025-03-30,MIL,ATL,False
0022401087,2025-03-30,PHI,TOR,False
0022401086,2025-03-30,SAS,GSW,False
0022401085,2025-03-30,NOP,CHA,True
0022401088,2025-03-30,PHX,HOU,False
0022401082,2025-03-30,NYK,POR,True
0022401084,2025-03-30,MIN,DET,True
0022401077,2025-03-29,CHI,DAL,False
0022401075,2025-03-29,WAS,BKN,False
0022401079,2025-03-29,OKC,IND,True
0022401074,2025-03-29,ORL,SAC,True
0022401078,2025-03-29,MEM,LAL,False
0022401080,2025-03-29,SAS,BOS,False
0022401076,2025-03-29,PHI,MIA,False
0022401072,2025-03-28,NOP,GSW,False
0022401069,2025-03-28,TOR,CHA,True
0022401071,2025-03-28,MIN,PHX,True
0022401073,2025-03-28,DEN,UTA,True
0022401068,2025-03-28,BKN,LAC,False
0022401070,2025-03-28,MIL,NYK,False
0022401067,2025-03-28,DET,CLE,True
0022401062,2025-03-27,MIA,ATL,True
0022401065,2025-03-27,UTA,HOU,False
0022401064,2025-03-27,OKC,MEM,True
0022401060,2025-03-27,ORL,DAL,False
0022401066,2025-03-27,SAC,POR,True
0022401059,2025-03-27,CLE,SAS,True
0022401063,2025-03-27,CHI,LAL,True
0022401061,2025-03-27,WAS,IND,False
0022401053,2025-03-26,PHI,WAS,False
0022401056,2025-03-26,NYK,LAC,False
0022401054,2025-03-26,BKN,TOR,False
0022401057,2025-03-26,DEN,MIL,True
0022401055,2025-03-26,IND,LAL,False
0022401058,2025-03-26,PHX,BOS,False
0022401048,2025-03-25,NYK,DAL,True
0022401049,2025-03-25,HOU,ATL,True
0022401052,2025-03-25,SAC,OKC,False
0022401051,2025-03-25,POR,CLE,False
0022401046,2025-03-25,DET,SAS,True
0022401045,2025-03-25,CHA,ORL,False
0022401047,2025-03-25,MIA,GSW,True
0022401050,2025-03-25,UTA,MEM,False
0022401039,2025-03-24,WAS,TOR,False
0022401040,2025-03-24,BKN,DAL,False
0022401041,2025-03-24,NOP,PHI,True
0022401042,2025-03-24,DEN,CHI,False
0022401037,2025-03-24,IND,MIN,True
0022401038,2025-03-24,ORL,LAL,True
0022401044,2025-03-24,SAC,BOS,False
0022401043,2025-03-24,PHX,MIL,True
0022401034,2025-03-23,POR,BOS,False
0022401033,2025-03-23,TOR,SAS,False
0022401029,2025-03-23,DET,NOP,True
0022401036,2025-03-23,LAC,OKC,False
0022401032,2025-03-23,MIA,CHA,True
0022401031,2025-03-23,ATL,PHI,True
0022401035,2025-03-23,HOU,DEN,False
0022401030,2025-03-23,UTA,CLE,False
0022401025,2025-03-22,ATL,GSW,True
0022401024,2025-03-22,IND,BKN,True
0022401027,2025-03-22,SAC,MIL,False
0022401028,2025-03-22,LAL,CHI,False
0022401026,2025-03-22,NYK,WAS,True
0022401020,2025-03-21,UTA,BOS,False
0022401014,2025-03-21,WAS,ORL,False
0022401019,2025-03-21,DAL,DET,True
0022401018,2025-03-21,SAS,PHI,True
0022401021,2025-03-21,PHX,CLE,True
0022401022,2025-03-21,POR,DEN,True
0022401016,2025-03-21,MIN,NOP,True
0022401015,2025-03-21,MIA,HOU,False
0022401023,2025-03-21,LAC,MEM,True
0022401017,2025-03-21,OKC,CHA,True
0022401005,2025-03-20,GSW,TOR,True
0022400996,2025-03-20,LAL,MIL,False
0022401010,2025-03-20,CHA,NYK,True
0022401013,2025-03-20,SAC,CHI,False
0022401011,2025-03-20,IND,BKN,True
0022401008,2025-03-19,POR,MEM,True
0022400998,2025-03-19,IND,DAL,True
0022401009,2025-03-19,SAC,CLE,True
0022400627,2025-03-19,UTA,WAS,True
0022400999,2025-03-19,ORL,HOU,False
0022401000,2025-03-19,MIA,DET,False
0022401002,2025-03-19,OKC,PHI,True
0022401007,2025-03-19,PHX,CHI,True
0022401001,2025-03-19,MIN,NOP,False
0022401003,2025-03-19,SAS,NYK,True
0022401006,2025-03-19,LAL,DEN,True
0022401012,2025-03-18,GSW,MIL,True
0022400993,2025-03-18,CHA,ATL,False
0022400997,2025-03-18,LAC,CLE,True
0022400994,2025-03-18,BOS,BKN,True
0022400991,2025-03-17,PHX,TOR,True
0022400992,2025-03-17,SAC,MEM,True
0022400986,2025-03-17,MIN,IND,False
0022400985,2025-03-17,HOU,PHI,True
0022400537,2025-03-17,LAL,SAS,True
0022400989,2025-03-17,UTA,CHI,False
0022400984,2025-03-17,NYK,MIA,True
0022400987,2025-03-17,NOP,DET,False
0022400995,2025-03-17,POR,WAS,True
0022400990,2025-03-17,GSW,DEN,False
0022400976,2025-03-16,DAL,PHI,False
0022400977,2025-03-16,LAL,PHX,True
0022400538,2025-03-16,LAC,CHA,True
0022400982,2025-03-16,MIL,OKC,False
0022400979,2025-03-16,CLE,ORL,False
0022400978,2025-03-16,BKN,ATL,True
0022400980,2025-03-16,POR,TOR,True
0022400981,2025-03-16,MIN,UTA,True
0022400975,2025-03-15,DEN,WAS,False
0022400972,2025-03-15,MIL,IND,True
0022400973,2025-03-15,SAS,NOP,True
0022400968,2025-03-15,BKN,BOS,False
0022400971,2025-03-15,MEM,MIA,True
0022400969,2025-03-15,DET,OKC,False
0022400974,2025-03-15,GSW,NYK,True
0022400970,2025-03-15,HOU,CHI,True
0022400963,2025-03-14,MIN,ORL,True
0022400967,2025-03-14,PHX,SAC,True
0022400964,2025-03-14,SAS,CHA,False
0022400960,2025-03-14,ATL,LAC,False
0022400958,2025-03-14,MIA,BOS,False
0022400966,2025-03-14,UTA,TOR,False
0022400959,2025-03-14,PHI,IND,False
0022400965,2025-03-14,DEN,LAL,True
0022400961,2025-03-14,HOU,DAL,True
0022400962,2025-03-14,MEM,CLE,False
0022401141,2025-03-13,NOP,ORL,False
0022400955,2025-03-13,MIL,LAL,True
0022400957,2025-03-13,GSW,SAC,True
0022400954,2025-03-13,DET,WAS,False
0022400956,2025-03-13,CHI,BKN,True
0022400946,2025-03-12,BOS,OKC,False
0022400949,2025-03-12,HOU,PHX,True
0022400952,2025-03-12,DEN,MIN,False
0022400948,2025-03-12,MIA,LAC,False
0022400947,2025-03-12,TOR,PHI,True
0022400950,2025-03-12,MEM,UTA,True
0022400953,2025-03-12,POR,NYK,False
0022400951,2025-03-12,SAS,DAL,True
0022400945,2025-03-12,ATL,CHA,True
0022400941,2025-03-11,DET,WAS,True
0022400943,2025-03-11,NOP,LAC,True
0022400942,2025-03-11,IND,MIL,True
0022400940,2025-03-11,CLE,BKN,True
0022400931,2025-03-10,MIA,CHA,False
0022400929,2025-03-10,BOS,UTA,True
0022400928,2025-03-10,ATL,PHI,True
0022400937,2025-03-10,SAS,DAL,False
0022400936,2025-03-10,OKC,DEN,False
0022400938,2025-03-10,GSW,POR,True
0022400934,2025-03-10,HOU,ORL,True
0022400939,2025-03-10,SAC,NYK,False
0022400933,2025-03-10,CHI,IND,True
0022400932,2025-03-10,TOR,WAS,True
0022400930,2025-03-10,BKN,LAL,True
0022400935,2025-03-10,MEM,PHX,True
0022400925,2025-03-09,MIN,SAS,True
0022400926,2025-03-09,POR,DET,False
0022400927,2025-03-09,LAC,SAC,True
0022400921,2025-03-09,DAL,PHX,False
0022400923,2025-03-09,NOP,MEM,False
0022400924,2025-03-09,PHI,UTA,True
0022400920,2025-03-09,OKC,DEN,True
0022400922,2025-03-09,MIL,CLE,False
0022400918,2025-03-08,BOS,LAL,True
0022400912,2025-03-08,CHA,BKN,True
0022400919,2025-03-08,GSW,DET,True
0022400914,2025-03-08,ATL,IND,True
0022400913,2025-03-08,HOU,NOP,True
0022400915,2025-03-08,TOR,WAS,False
0022400916,2025-03-08,MIA,CHI,False
0022400917,2025-03-08,MIL,ORL,False
0022400910,2025-03-07,SAC,SAS,True
0022400908,2025-03-07,OKC,POR,True
0022400906,2025-03-07,DAL,MEM,False
0022400909,2025-03-07,DEN,PHX,True
0022400907,2025-03-07,MIA,MIN,False
0022400905,2025-03-07,TOR,UTA,True
0022400904,2025-03-07,CHA,CLE,False
0022400911,2025-03-07,LAC,NYK,True
0022400944,2025-03-06,ORL,CHI,False
0022400899,2025-03-06,ATL,IND,True
0022400903,2025-03-06,LAL,NYK,True
0022400900,2025-03-06,BOS,PHI,True
0022400902,2025-03-06,NOP,HOU,False
0022400901,2025-03-06,BKN,GSW,False
0022400897,2025-03-05,MIL,DAL,True
0022400893,2025-03-05,CLE,MIA,True
0022400894,2025-03-05,WAS,UTA,True
0022400895,2025-03-05,MEM,OKC,False
0022400896,2025-03-05,DEN,SAC,True
0022400892,2025-03-05,CHA,MIN,False
0022400891,2025-03-05,BOS,POR,True
0022400898,2025-03-05,LAC,DET,True
0022400887,2025-03-04,MIN,PHI,True
0022400889,2025-03-04,PHX,LAC,True
0022400883,2025-03-04,ORL,TOR,False
0022400888,2025-03-04,SAS,BKN,True
0022400890,2025-03-04,LAL,NOP,True
0022400886,2025-03-04,CHI,CLE,False
0022400884,2025-03-04,ATL,MIL,False
0022400882,2025-03-04,IND,HOU,True
0022400885,2025-03-04,NYK,GSW,False
0022400879,2025-03-03,OKC,HOU,True
0022400877,2025-03-03,MIA,WAS,True
0022400876,2025-03-03,PHI,POR,False
0022400881,2025-03-03,UTA,DET,False
0022400880,2025-03-03,DAL,SAC,False
0022400878,2025-03-03,MEM,ATL,False
0022400875,2025-03-03,CHA,GSW,False
0022400870,2025-03-02,ORL,TOR,False
0022400869,2025-03-02,MIA,NYK,False
0022400868,2025-03-02,IND,CHI,True
0022400866,2025-03-02,BOS,DEN,True
0022400867,2025-03-02,CLE,POR,True
0022400873,2025-03-02,PHX,MIN,False
0022400872,2025-03-02,UTA,NOP,False
0022400871,2025-03-02,SAS,OKC,False
0022400874,2025-03-02,LAL,LAC,True
0022400863,2025-03-01,MEM,SAS,False
0022400861,2025-03-01,DET,BKN,True
0022400865,2025-03-01,DAL,MIL,False
0022400864,2025-03-01,PHI,GSW,True
0022400860,2025-03-01,CHA,WAS,False
0022400862,2025-03-01,HOU,SAC,False
0022400858,2025-02-28,UTA,MIN,True
0022400854,2025-02-28,MIA,IND,True
0022400851,2025-02-28,ATL,OKC,False
0022400857,2025-02-28,PHX,NOP,True
0022400850,2025-02-28,DET,DEN,False
0022400859,2025-02-28,LAL,LAC,True
0022400856,2025-02-28,MEM,NYK,False
0022400855,2025-02-28,CHI,TOR,True
0022400852,2025-02-28,BOS,CLE,False
0022400853,2025-02-28,BKN,POR,False
0022400848,2025-02-27,PHX,NOP,False
0022400845,2025-02-27,ORL,GSW,False
0022400847,2025-02-27,DAL,CHA,True
0022400849,2025-02-27,LAL,MIN,True
0022400846,2025-02-27,MIL,DEN,True
0022400839,2025-02-26,WAS,POR,False
0022400838,2025-02-26,NYK,PHI,True
0022400844,2025-02-26,HOU,SAS,True
0022400842,2025-02-26,CHI,LAC,False
0022400843,2025-02-26,UTA,SAC,False
0022400841,2025-02-26,MIA,ATL,True
0022400837,2025-02-26,IND,TOR,True
0022400840,2025-02-26,BKN,OKC,False
0022400836,2025-02-26,DET,BOS,True
0022400835,2025-02-25,LAL,DAL,True
0022400833,2025-02-25,NOP,SAS,True
0022400829,2025-02-25,TOR,BOS,False
0022400832,2025-02-25,MEM,PHX,True
0022400834,2025-02-25,GSW,CHA,True
0022400830,2025-02-25,ORL,CLE,False
0022400831,2025-02-25,HOU,MIL,True
0022400824,2025-02-24,WAS,BKN,True
0022400828,2025-02-24,SAC,CHA,True
0022400823,2025-02-24,PHI,CHI,False
0022400827,2025-02-24,UTA,POR,False
0022400825,2025-02-24,ATL,MIA,True
0022400822,2025-02-24,IND,DEN,False
0022400826,2025-02-24,OKC,MIN,False
0022400821,2025-02-24,DET,LAC,True
0022400815,2025-02-23,ORL,WAS,True
0022400819,2025-02-23,CLE,MEM,True
0022400812,2025-02-23,GSW,DAL,True
0022400818,2025-02-23,NOP,SAS,True
0022400813,2025-02-23,IND,LAC,True
0022400816,2025-02-23,TOR,PHX,True
0022400820,2025-02-23,MIN,OKC,False
0022400814,2025-02-23,ATL,DET,False
0022400811,2025-02-23,BOS,NYK,True
0022400817,2025-02-23,MIL,MIA,True
0022400807,2025-02-22,PHI,BKN,False
0022400806,2025-02-22,CHI,PHX,False
0022400809,2025-02-22,UTA,HOU,True
0022400808,2025-02-22,DEN,LAL,False
0022400810,2025-02-22,POR,CHA,True
0022400801,2025-02-21,HOU,MIN,True
0022400805,2025-02-21,SAC,GSW,False
0022400797,2025-02-21,CLE,NYK,True
0022400803,2025-02-21,DAL,NOP,True
0022400804,2025-02-21,UTA,OKC,False
0022400799,2025-02-21,WAS,MIL,False
0022400798,2025-02-21,ORL,MEM,False
0022400800,2025-02-21,TOR,MIA,False
0022400802,2025-02-21,SAS,DET,False
0022400794,2025-02-20,DEN,CHA,True
0022400788,2025-02-20,IND,MEM,True
0022400790,2025-02-20,ATL,ORL,False
0022400789,2025-02-20,PHI,BOS,False
0022400791,2025-02-20,BKN,CLE,False
0022400796,2025-02-20,POR,LAL,False
0022400793,2025-02-20,MIL,LAC,True
0022400792,2025-02-20,NYK,CHI,True
0022400795,2025-02-20,SAS,PHX,True
0022400524,2025-02-19,LAL,CHA,False
0022400785,2025-02-13,NOP,SAC,True
0022400784,2025-02-13,HOU,GSW,False
0022401004,2025-02-13,UTA,LAC,False
0022400786,2025-02-13,DAL,MIA,True
0022400787,2025-02-13,MIN,OKC,True
0022400770,2025-02-12,ORL,CHA,True
0022400780,2025-02-12,DEN,POR,True
0022400776,2025-02-12,MIN,MIL,False
0022400783,2025-02-12,LAC,MEM,True
0022400769,2025-02-12,BOS,SAS,True
0022400781,2025-02-12,UTA,LAL,True
0022400772,2025-02-12,BKN,PHI,True
0022400774,2025-02-12,TOR,CLE,False
0022400771,2025-02-12,WAS,IND,False
0022400778,2025-02-12,OKC,MIA,True
0022400775,2025-02-12,CHI,DET,False
0022400777,2025-02-12,NOP,SAC,False
0022400782,2025-02-12,DAL,GSW,True
0022400779,2025-02-12,HOU,PHX,True
0022400773,2025-02-12,NYK,ATL,True
0022400764,2025-02-11,PHI,TOR,False
0022400767,2025-02-11,PHX,MEM,False
0022400766,2025-02-11,CHI,DET,False
0022400765,2025-02-11,IND,NYK,False
0022400768,2025-02-10,LAL,UTA,True
0022400756,2025-02-10,ORL,ATL,False
0022400757,2025-02-10,WAS,SAS,False
0022400755,2025-02-10,CLE,MIN,True
0022400758,2025-02-10,BKN,CHA,True
0022400762,2025-02-10,DAL,SAC,False
0022400760,2025-02-10,MIL,GSW,False
0022400759,2025-02-10,MIA,BOS,False
0022400761,2025-02-10,OKC,NOP,True
0022400763,2025-02-10,DEN,POR,True
0022400753,2025-02-09,HOU,TOR,True
0022400752,2025-02-09,DET,CHA,True
0022400754,2025-02-09,MIL,PHI,True
0022400743,2025-02-08,ORL,SAS,True
0022400742,2025-02-08,LAL,IND,True
0022400748,2025-02-08,NYK,BOS,False
0022400747,2025-02-08,MIN,POR,True
0022400751,2025-02-08,LAC,UTA,True
0022400746,2025-02-08,MEM,OKC,False
0022400745,2025-02-08,CHI,GSW,False
0022400750,2025-02-08,SAC,NOP,True
0022400741,2025-02-08,DAL,HOU,True
0022400744,2025-02-08,WAS,ATL,False
0022400749,2025-02-08,PHX,DEN,False
0022400739,2025-02-07,OKC,TOR,True
0022400736,2025-02-07,ATL,MIL,True
0022400738,2025-02-07,DET,PHI,True
0022400740,2025-02-07,PHX,UTA,True
0022400734,2025-02-07,CHA,SAS,True
0022400735,2025-02-07,WAS,CLE,False
0022400737,2025-02-07,BKN,MIA,True
0022400729,2025-02-06,MIN,HOU,True
0022400731,2025-02-06,LAL,GSW,True
0022400728,2025-02-06,BOS,DAL,False
0022400732,2025-02-06,POR,SAC,True
0022400733,2025-02-06,LAC,IND,False
0022400730,2025-02-06,DEN,ORL,True
0022400719,2025-02-05,ATL,SAS,False
0022400725,2025-02-05,UTA,GSW,True
0022400720,2025-02-05,BKN,WAS,False
0022400722,2025-02-05,TOR,MEM,False
0022400723,2025-02-05,MIN,CHI,True
0022400726,2025-02-05,DEN,NOP,True
0022400717,2025-02-05,CHA,MIL,False
0022400724,2025-02-05,OKC,PHX,True
0022400727,2025-02-05,SAC,ORL,False
0022400721,2025-02-05,PHI,MIA,False
0022400718,2025-02-05,DET,CLE,False
0022400715,2025-02-04,LAC,LAL,False
0022400713,2025-02-04,TOR,NYK,False
0022400711,2025-02-04,BKN,HOU,True
0022400710,2025-02-04,CLE,BOS,False
0022400712,2025-02-04,PHI,DAL,True
0022400716,2025-02-04,POR,IND,True
0022400714,2025-02-04,CHI,MIA,True
0022400708,2025-02-03,GSW,ORL,True
0022400700,2025-02-03,CHA,WAS,False
0022400705,2025-02-03,OKC,MIL,True
0022400702,2025-02-03,NYK,HOU,True
0022400704,2025-02-03,MIN,SAC,False
0022400703,2025-02-03,MEM,SAS,True
0022400707,2025-02-03,UTA,IND,False
0022400701,2025-02-03,DET,ATL,False
0022400706,2025-02-03,DEN,NOP,True
0022400709,2025-02-03,POR,PHX,True
0022400696,2025-02-02,CLE,DAL,True
0022400698,2025-02-02,PHI,BOS,False
0022400695,2025-02-02,DET,CHI,True
0022400699,2025-02-02,MIL,MEM,False
0022400697,2025-02-02,TOR,LAC,True
0022400694,2025-02-01,POR,PHX,True
0022400691,2025-02-01,OKC,SAC,True
0022400693,2025-02-01,SAS,MIA,False
0022400690,2025-02-01,MIN,WAS,False
0022400687,2025-02-01,UTA,ORL,True
0022400688,2025-02-01,CHA,DEN,False
0022400689,2025-02-01,HOU,BKN,False
0022400692,2025-02-01,NYK,LAL,False
0022400686,2025-02-01,IND,ATL,True
0022400679,2025-01-31,CHA,LAC,False
0022400680,2025-01-31,DET,DAL,True
0022400684,2025-01-31,SAS,MIL,True
0022400682,2025-01-31,TOR,CHI,False
0022400683,2025-01-31,NOP,BOS,False
0022400685,2025-01-31,GSW,PHX,False
0022400681,2025-01-31,PHI,DEN,False
0022400676,2025-01-30,MEM,HOU,True
0022400677,2025-01-30,UTA,MIN,False
0022400678,2025-01-30,POR,ORL,True
0022400675,2025-01-30,CLE,ATL,True
0022400674,2025-01-30,WAS,LAL,False
0022400671,2025-01-29,SAS,LAC,False
0022400665,2025-01-29,WAS,TOR,False
0022400667,2025-01-29,MIA,CLE,False
0022400664,2025-01-29,IND,DET,True
0022400663,2025-01-29,CHA,BKN,False
0022400666,2025-01-29,BOS,CHI,True
0022400670,2025-01-29,NOP,DAL,False
0022400668,2025-01-29,NYK,DEN,True
0022400669,2025-01-29,PHI,SAC,True
0022400673,2025-01-29,GSW,OKC,True
0022400672,2025-01-29,PHX,MIN,False
0022400532,2025-01-28,ATL,HOU,False
0022400661,2025-01-28,GSW,UTA,True
0022400662,2025-01-28,POR,MIL,True
0022400660,2025-01-28,PHI,LAL,True
0022400657,2025-01-27,DAL,WAS,True
0022400656,2025-01-27,MIN,ATL,True
0022400659,2025-01-27,PHX,LAC,True
0022400658,2025-01-27,UTA,MIL,False
0022400648,2025-01-27,CHA,LAL,False
0022400653,2025-01-27,NYK,MEM,True
0022400655,2025-01-27,CHI,DEN,True
0022400650,2025-01-27,BOS,HOU,False
0022400652,2025-01-27,MIA,ORL,True
0022400654,2025-01-27,TOR,NOP,True
0022400651,2025-01-27,BKN,SAC,False
0022400649,2025-01-27,CLE,DET,True
0022400647,2025-01-26,POR,OKC,False
0022400646,2025-01-25,LAC,MIL,True
0022400639,2025-01-25,ATL,TOR,False
0022400637,2025-01-25,CHA,NOP,True
0022400633,2025-01-25,SAS,IND,False
0022400645,2025-01-25,PHX,WAS,True
0022400643,2025-01-25,MEM,UTA,True
0022400644,2025-01-25,GSW,LAL,False
0022400634,2025-01-25,MIN,DEN,True
0022400638,2025-01-25,ORL,DET,True
0022400635,2025-01-25,DAL,BOS,False
0022400641,2025-01-25,NYK,SAC,True
0022400640,2025-01-25,CLE,HOU,False
0022400642,2025-01-25,CHI,PHI,False
0022400636,2025-01-25,BKN,MIA,False
0022400630,2025-01-24,CHA,POR,False
0022400631,2025-01-24,PHI,CLE,True
0022400632,2025-01-24,MEM,NOP,True
0022400983,2025-01-23,LAC,WAS,True
0022400629,2025-01-23,LAL,BOS,True
0022400628,2025-01-23,GSW,CHI,True
0022400621,2025-01-23,IND,SAS,True
0022400625,2025-01-23,OKC,DAL,False
0022400622,2025-01-23,ORL,POR,False
0022400626,2025-01-23,DEN,SAC,True
0022400624,2025-01-23,MIL,MIA,True
0022400623,2025-01-23,ATL,TOR,False
0022400620,2025-01-22,LAC,BOS,False
0022400618,2025-01-22,OKC,UTA,True
0022400613,2025-01-22,BKN,PHX,False
0022400619,2025-01-22,SAC,GSW,True
0022400614,2025-01-22,DAL,MIN,False
0022400612,2025-01-22,ATL,DET,False
0022400615,2025-01-22,HOU,CLE,True
0022400616,2025-01-22,MEM,CHA,True
0022400608,2025-01-21,TOR,ORL,True
0022400609,2025-01-21,DEN,PHI,True
0022400607,2025-01-21,MIA,POR,False
0022400606,2025-01-21,BKN,NYK,False
0022400610,2025-01-21,LAL,WAS,True
0022400604,2025-01-20,GSW,BOS,False
0022400603,2025-01-20,CLE,PHX,True
0022400600,2025-01-20,HOU,DET,False
0022400601,2025-01-20,MEM,MIN,True
0022400599,2025-01-20,CHA,DAL,True
0022400602,2025-01-20,NYK,ATL,True
0022400605,2025-01-20,NOP,UTA,True
0022400611,2025-01-20,LAC,CHI,False
0022400596,2025-01-19,LAC,LAL,True
0022400594,2025-01-19,MIL,PHI,True
0022400598,2025-01-19,SAC,WAS,True
0022400595,2025-01-19,OKC,BKN,True
0022400592,2025-01-19,MIA,SAS,True
0022400593,2025-01-19,ORL,DEN,False
0022400597,2025-01-19,POR,CHI,True
0022400587,2025-01-18,BOS,ATL,False
0022400586,2025-01-18,DET,PHX,False
0022400589,2025-01-18,GSW,WAS,True
0022400591,2025-01-18,POR,HOU,False
0022400588,2025-01-18,IND,PHI,True
0022400590,2025-01-18,MIN,CLE,False
0022400585,2025-01-17,LAL,BKN,True
0022400582,2025-01-17,SAS,MEM,False
0022400583,2025-01-17,DAL,OKC,True
0022400578,2025-01-17,NYK,MIN,False
0022400581,2025-01-17,NOP,UTA,True
0022400577,2025-01-17,BOS,ORL,True
0022400579,2025-01-17,MIA,DEN,False
0022400584,2025-01-17,CHI,CHA,False
0022400580,2025-01-17,MIL,TOR,True
0022400575,2025-01-16,POR,LAC,False
0022400573,2025-01-16,WAS,PHX,False
0022400576,2025-01-16,SAC,HOU,True
0022400572,2025-01-16,DET,IND,False
0022400574,2025-01-16,OKC,CLE,True
0022400566,2025-01-15,NOP,DAL,True
0022400561,2025-01-15,PHI,NYK,False
0022400571,2025-01-15,LAC,BKN,True
0022400569,2025-01-15,UTA,CHA,False
0022400564,2025-01-15,MIL,ORL,True
0022400570,2025-01-15,LAL,MIA,True
0022400567,2025-01-15,SAS,MEM,False
0022400563,2025-01-15,CHI,ATL,False
0022400565,2025-01-15,MIN,GSW,False
0022400562,2025-01-15,TOR,BOS,True
0022400568,2025-01-15,DEN,HOU,False
0022400556,2025-01-14,ATL,PHX,True
0022400557,2025-01-14,CHI,NOP,False
0022400555,2025-01-14,PHI,OKC,False
0022400560,2025-01-14,POR,BKN,False
0022400559,2025-01-14,DAL,DEN,False
0022400558,2025-01-14,MIL,SAC,True
0022400554,2025-01-14,IND,CLE,False
0022400548,2025-01-13,WAS,MIN,False
0022400553,2025-01-13,LAC,MIA,True
0022400551,2025-01-13,HOU,MEM,True
0022400550,2025-01-13,TOR,GSW,True
0022400552,2025-01-13,LAL,SAS,False
0022400549,2025-01-13,NYK,DET,False
0022400546,2025-01-12,UTA,BKN,True
0022400543,2025-01-12,CLE,IND,False
0022400542,2025-01-12,BOS,NOP,True
0022400539,2025-01-12,NYK,MIL,True
0022400545,2025-01-12,WAS,OKC,False
0022400547,2025-01-12,PHX,CHA,True
0022400541,2025-01-12,CHI,SAC,False
0022400544,2025-01-12,ORL,PHI,True
0022400540,2025-01-12,DAL,DEN,False
0022400534,2025-01-11,DET,TOR,True
0022400535,2025-01-11,MIN,MEM,False
0022400536,2025-01-11,POR,MIA,False
0022400533,2025-01-11,PHX,UTA,True
0022400526,2025-01-10,ORL,MIL,False
0022400527,2025-01-10,PHI,NOP,False
0022400531,2025-01-10,DEN,BKN,True
0022400528,2025-01-10,BOS,SAC,False
0022400530,2025-01-10,CHI,WAS,True
0022400525,2025-01-10,IND,GSW,True
0022400529,2025-01-10,NYK,OKC,False
0022400517,2025-01-09,CLE,TOR,True
0022400518,2025-01-09,DET,GSW,False
0022400522,2025-01-09,PHX,ATL,True
0022400523,2025-01-09,UTA,MIA,False
0022400519,2025-01-09,ORL,MIN,False
0022400521,2025-01-09,DAL,POR,True
0022400520,2025-01-09,MEM,HOU,False
0022400512,2025-01-08,PHI,WAS,True
0022400509,2025-01-08,CLE,OKC,True
0022400514,2025-01-08,NOP,POR,False
0022400513,2025-01-08,BKN,DET,False
0022400515,2025-01-08,DEN,LAC,True
0022400511,2025-01-08,NYK,TOR,True
0022400510,2025-01-08,IND,CHI,True
0022400516,2025-01-08,MIL,SAS,True
0022400508,2025-01-07,GSW,MIA,False
0022400505,2025-01-07,NOP,MIN,False
0022400506,2025-01-07,UTA,ATL,False
0022400504,2025-01-07,DAL,LAL,True
0022400503,2025-01-07,WAS,HOU,False
0022400502,2025-01-07,CHA,PHX,True
0022400507,2025-01-07,DEN,BOS,False
0022400493,2025-01-06,DET,POR,True
0022400501,2025-01-06,SAC,MIA,True
0022400497,2025-01-06,TOR,MIL,False
0022400498,2025-01-06,CHI,SAS,True
0022400495,2025-01-06,BKN,IND,False
0022400496,2025-01-06,NYK,ORL,False
0022400494,2025-01-06,PHI,PHX,False
0022400499,2025-01-06,MEM,DAL,True
0022400500,2025-01-06,MIN,LAC,True
0022400491,2025-01-05,HOU,LAL,True
0022400489,2025-01-05,WAS,NOP,False
0022400488,2025-01-05,CLE,CHA,True
0022400492,2025-01-05,GSW,SAC,False
0022400490,2025-01-05,ORL,UTA,False
0022400487,2025-01-05,OKC,BOS,True
0022400479,2025-01-04,DET,MIN,True
0022400486,2025-01-04,LAC,ATL,True
0022400485,2025-01-04,GSW,MEM,True
0022400483,2025-01-04,MIL,POR,False
0022400481,2025-01-04,MIA,UTA,False
0022400482,2025-01-04,CHI,NYK,True
0022400478,2025-01-04,BKN,PHI,False
0022400484,2025-01-04,SAS,DEN,False
0022400480,2025-01-04,IND,PHX,True
0022400473,2025-01-03,OKC,NYK,True
0022400476,2025-01-03,SAC,MEM,True
0022400469,2025-01-03,DET,CHA,True
0022400472,2025-01-03,NOP,WAS,True
0022400474,2025-01-03,DAL,CLE,False
0022400477,2025-01-03,LAL,ATL,True
0022400475,2025-01-03,DEN,SAS,False
0022400470,2025-01-03,TOR,ORL,False
0022400471,2025-01-03,HOU,BOS,False
0022400464,2025-01-02,MIN,BOS,False
0022400465,2025-01-02,MIL,BKN,False
0022400466,2025-01-02,OKC,LAC,True
0022400468,2025-01-02,LAL,POR,True
0022400463,2025-01-02,MIA,IND,False
0022400467,2025-01-02,GSW,PHI,True
0022400462,2025-01-01,SAC,PHI,True
0022400458,2025-01-01,NYK,UTA,True
0022400461,2025-01-01,DEN,ATL,True
0022400455,2025-01-01,DET,ORL,True
0022400460,2025-01-01,HOU,DAL,True
0022400457,2025-01-01,MIA,NOP,True
0022400459,2025-01-01,TOR,BKN,True
0022400456,2025-01-01,WAS,CHI,True
0022400450,2024-12-31,IND,MIL,False
0022400454,2024-12-31,LAL,CLE,False
0022400452,2024-12-31,OKC,MIN,True
0022400451,2024-12-31,SAS,LAC,True
0022400449,2024-12-31,BOS,TOR,True
0022400453,2024-12-31,PHX,MEM,False
0022400447,2024-12-30,POR,PHI,False
0022400444,2024-12-30,NOP,LAC,False
0022400443,2024-12-30,WAS,NYK,False
0022400446,2024-12-30,GSW,CLE,False
0022400442,2024-12-30,CHA,CHI,False
0022400445,2024-12-30,UTA,DEN,False
0022400448,2024-12-30,SAC,DAL,True
0022400438,2024-12-29,TOR,ATL,False
0022400437,2024-12-29,BOS,IND,False
0022400436,2024-12-29,ORL,BKN,True
0022400440,2024-12-29,OKC,MEM,True
0022400439,2024-12-29,HOU,MIA,False
0022400441,2024-12-29,MIN,SAS,True
0022400433,2024-12-28,UTA,PHI,False
0022400428,2024-12-28,CHA,OKC,False
0022400430,2024-12-28,CHI,MIL,True
0022400429,2024-12-28,WAS,NYK,False
0022400434,2024-12-28,POR,DAL,True
0022400427,2024-12-28,ATL,MIA,True
0022400435,2024-12-28,LAL,SAC,True
0022400432,2024-12-28,DEN,DET,True
0022400431,2024-12-28,GSW,PHX,True
0022400424,2024-12-27,DEN,CLE,False
0022400419,2024-12-27,ORL,NYK,False
0022400425,2024-12-27,PHX,DAL,False
0022400422,2024-12-27,HOU,MIN,False
0022400421,2024-12-27,BKN,SAS,False
0022400426,2024-12-27,LAC,GSW,True
0022400420,2024-12-27,BOS,IND,True
0022400423,2024-12-27,NOP,MEM,False
0022400416,2024-12-26,NOP,HOU,False
0022400413,2024-12-26,ATL,CHI,True
0022400418,2024-12-26,SAC,DET,False
0022400411,2024-12-26,ORL,MIA,False
0022400414,2024-12-26,MEM,TOR,True
0022400417,2024-12-26,POR,UTA,True
0022400410,2024-12-26,IND,OKC,False
0022400415,2024-12-26,MIL,BKN,False
0022400412,2024-12-26,WAS,CHA,True
0022400407,2024-12-25,BOS,PHI,False
0022400406,2024-12-25,DAL,MIN,False
0022400405,2024-12-25,NYK,SAS,True
0022400409,2024-12-25,PHX,DEN,True
0022400408,2024-12-25,GSW,LAL,False
0022400402,2024-12-23,DEN,PHX,True
0022400395,2024-12-23,ATL,MIN,True
0022400398,2024-12-23,CHI,MIL,False
0022400392,2024-12-23,CLE,UTA,True
0022400396,2024-12-23,MIA,BKN,True
0022400393,2024-12-23,ORL,BOS,True
0022400401,2024-12-23,DAL,POR,True
0022400391,2024-12-23,CHA,HOU,False
0022400394,2024-12-23,PHI,SAS,True
0022400399,2024-12-23,MEM,LAC,False
0022400404,2024-12-23,LAL,DET,False
0022400400,2024-12-23,OKC,WAS,True
0022400397,2024-12-23,NYK,TOR,True
0022400403,2024-12-23,GSW,IND,False
0022400388,2024-12-22,TOR,HOU,False
0022400389,2024-12-22,SAC,IND,False
0022400390,2024-12-22,NOP,DEN,False
0022400376,2024-12-21,SAC,LAL,False
0022400382,2024-12-21,MIL,WAS,True
0022400381,2024-12-21,CHI,BOS,False
0022400379,2024-12-21,BKN,UTA,False
0022400386,2024-12-21,SAS,POR,True
0022400377,2024-12-21,ORL,MIA,True
0022400387,2024-12-21,PHX,DET,False
0022400384,2024-12-21,NOP,NYK,False
0022400380,2024-12-21,CLE,PHI,True
0022400383,2024-12-21,MIN,GSW,False
0022400378,2024-12-21,ATL,MEM,False
0022400385,2024-12-21,DAL,LAC,True
0022400374,2024-12-20,CLE,MIL,True
0022400375,2024-12-20,MIA,OKC,False
0022400373,2024-12-20,PHI,CHA,True
0022400362,2024-12-19,WAS,CHA,True
0022400371,2024-12-19,POR,DEN,True
0022400366,2024-12-19,MEM,GSW,True
0022400360,2024-12-19,DET,UTA,False
0022400367,2024-12-19,MIN,NYK,False
0022400370,2024-12-19,SAS,ATL,True
0022400369,2024-12-19,PHX,IND,False
0022400364,2024-12-19,TOR,BKN,False
0022400368,2024-12-19,DAL,LAC,False
0022400365,2024-12-19,HOU,NOP,True
0022400361,2024-12-19,ORL,OKC,False
0022400372,2024-12-19,SAC,LAL,False
0022400363,2024-12-19,BOS,CHI,False
0022401221,2024-12-16,DET,MIA,True
0022401224,2024-12-16,BKN,CLE,False
0022401226,2024-12-16,LAC,UTA,True
0022401225,2024-12-16,SAC,DEN,False
0022401222,2024-12-16,CHA,PHI,False
0022401223,2024-12-16,TOR,CHI,False
0022401227,2024-12-15,ORL,NYK,False
0022401219,2024-12-15,PHX,POR,True
0022401216,2024-12-15,IND,NOP,True
0022401218,2024-12-15,SAS,MIN,False
0022401220,2024-12-15,LAL,MEM,True
0022401228,2024-12-15,GSW,DAL,False
0022401217,2024-12-15,WAS,BOS,False
0022401230,2024-12-14,OKC,HOU,False
0022401229,2024-12-14,MIL,ATL,False
0022401212,2024-12-13,CHI,CHA,True
0022401215,2024-12-13,POR,SAS,False
0022401209,2024-12-13,PHI,IND,False
0022401213,2024-12-13,DEN,LAC,True
0022401208,2024-12-13,CLE,WAS,True
0022401211,2024-12-13,MEM,BKN,True
0022401210,2024-12-13,MIN,LAL,True
0022401214,2024-12-13,UTA,PHX,False
0022401206,2024-12-12,MIA,TOR,True
0022401205,2024-12-12,BOS,DET,True
0022401207,2024-12-12,NOP,SAC,False
0022401204,2024-12-11,HOU,GSW,True
0022401202,2024-12-11,NYK,ATL,False
0022401201,2024-12-10,MIL,ORL,True
0022401203,2024-12-10,OKC,DAL,True
0022400359,2024-12-09,TOR,NYK,False
0022400350,2024-12-08,ATL,DEN,False
0022400355,2024-12-08,GSW,MIN,True
0022400347,2024-12-08,CHI,PHI,False
0022400354,2024-12-08,SAS,NOP,True
0022400351,2024-12-08,MIA,CLE,True
0022400349,2024-12-08,IND,CHA,False
0022400348,2024-12-08,BKN,MIL,False
0022400353,2024-12-08,WAS,MEM,False
0022400358,2024-12-08,LAL,POR,True
0022400352,2024-12-08,ORL,PHX,True
0022400356,2024-12-08,LAC,HOU,False
0022400357,2024-12-08,SAC,UTA,True
0022400340,2024-12-07,CHA,CLE,False
0022400343,2024-12-07,NYK,DET,False
0022400342,2024-12-07,NOP,OKC,False
0022400345,2024-12-07,BOS,MEM,False
0022400344,2024-12-07,TOR,DAL,False
0022400341,2024-12-07,WAS,DEN,True
0022400346,2024-12-07,MIA,PHX,True
0022400335,2024-12-06,BOS,MIL,True
0022400333,2024-12-06,PHI,ORL,True
0022400334,2024-12-06,ATL,LAL,True
0022400336,2024-12-06,CHI,IND,False
0022400339,2024-12-06,POR,UTA,False
0022400337,2024-12-06,SAS,SAC,False
0022400338,2024-12-06,GSW,MIN,False
0022400332,2024-12-05,GSW,HOU,True
0022400325,2024-12-05,CLE,DEN,True
0022400326,2024-12-05,WAS,DAL,False
0022400331,2024-12-05,SAS,CHI,False
0022400329,2024-12-05,MEM,SAC,True
0022400327,2024-12-05,NYK,CHA,True
0022400330,2024-12-05,NOP,PHX,True
0022400328,2024-12-05,TOR,OKC,False
0022400324,2024-12-04,LAC,MIN,False
0022400321,2024-12-04,MIA,LAL,True
0022400319,2024-12-04,BOS,DET,True
0022400323,2024-12-04,MIL,ATL,False
0022400322,2024-12-04,PHI,ORL,False
0022400320,2024-12-04,BKN,IND,True
0022400059,2024-12-03,SAC,HOU,True
0022400056,2024-12-03,DAL,MEM,True
0022400058,2024-12-03,DEN,GSW,True
0022400053,2024-12-03,NYK,ORL,True
0022400050,2024-12-03,CHA,PHI,False
0022400052,2024-12-03,DET,MIL,False
0022400054,2024-12-03,TOR,IND,True
0022400051,2024-12-03,CLE,WAS,True
0022400055,2024-12-03,OKC,UTA,True
0022400060,2024-12-03,LAC,POR,True
0022400057,2024-12-03,PHX,SAS,True
0022400316,2024-12-02,BOS,MIA,True
0022400315,2024-12-02,ATL,NOP,True
0022400317,2024-12-02,CHI,BKN,True
0022400318,2024-12-02,MIN,LAL,True
0022400309,2024-12-01,TOR,MIA,True
0022400312,2024-12-01,POR,DAL,False
0022400311,2024-12-01,UTA,LAL,False
0022400313,2024-12-01,SAC,SAS,False
0022400310,2024-12-01,HOU,OKC,True
0022400306,2024-12-01,MEM,IND,True
0022400305,2024-12-01,BKN,ORL,False
0022400308,2024-12-01,NYK,NOP,True
0022400307,2024-12-01,CLE,BOS,True
0022400314,2024-12-01,LAC,DEN,True
0022400304,2024-11-30,UTA,DAL,False
0022400303,2024-11-30,PHX,GSW,True
0022400300,2024-11-30,CHA,ATL,False
0022400302,2024-11-30,MIL,WAS,True
0022400301,2024-11-30,DET,PHI,False
0022400044,2024-11-29,MIN,LAC,True
0022400049,2024-11-29,POR,SAC,True
0022400041,2024-11-29,ATL,CLE,True
0022400043,2024-11-29,BKN,ORL,False
0022400046,2024-11-29,MIA,TOR,True
0022400048,2024-11-29,LAL,OKC,False
0022400042,2024-11-29,MEM,NOP,True
0022400045,2024-11-29,IND,DET,False
0022400047,2024-11-29,CHI,BOS,False
0022400040,2024-11-29,CHA,NYK,False
0022400295,2024-11-27,NOP,TOR,False
0022400294,2024-11-27,MIN,SAC,False
0022400288,2024-11-27,IND,POR,True
0022400286,2024-11-27,CHA,MIA,False
0022400289,2024-11-27,ORL,CHI,True
0022400290,2024-11-27,PHI,HOU,False
0022400292,2024-11-27,DAL,NYK,True
0022400287,2024-11-27,CLE,ATL,False
0022400299,2024-11-27,GSW,OKC,False
0022400298,2024-11-27,UTA,DEN,False
0022400297,2024-11-27,PHX,BKN,False
0022400293,2024-11-27,MEM,DET,True
0022400291,2024-11-27,WAS,LAC,False
0022400296,2024-11-27,SAS,LAL,False
0022400037,2024-11-26,MIN,HOU,False
0022400038,2024-11-26,UTA,SAS,False
0022400039,2024-11-26,PHX,LAL,True
0022400036,2024-11-26,MIA,MIL,False
0022400035,2024-11-26,WAS,CHI,False
0022400280,2024-11-25,ATL,DAL,False
0022400285,2024-11-25,SAC,OKC,False
0022400284,2024-11-25,GSW,BKN,False
0022400283,2024-11-25,DEN,NYK,False
0022400282,2024-11-25,MEM,POR,True
0022400278,2024-11-25,DET,TOR,True
0022400277,2024-11-25,CHA,ORL,False
0022400281,2024-11-25,BOS,LAC,True
0022400279,2024-11-25,IND,NOP,True
0022400275,2024-11-24,CLE,TOR,True
0022400273,2024-11-24,MIA,DAL,True
0022400272,2024-11-24,IND,WAS,True
0022400274,2024-11-24,PHI,LAC,False
0022400271,2024-11-24,BOS,MIN,True
0022400276,2024-11-24,SAC,BKN,False
0022400269,2024-11-23,SAS,GSW,True
0022400266,2024-11-23,CHI,MEM,False
0022400264,2024-11-23,UTA,NYK,True
0022400265,2024-11-23,ORL,DET,True
0022400270,2024-11-23,LAL,DEN,False
0022400267,2024-11-23,HOU,POR,False
0022400268,2024-11-23,MIL,CHA,True
0022400032,2024-11-22,NOP,GSW,False
0022400028,2024-11-22,WAS,BOS,False
0022400034,2024-11-22,LAC,SAC,True
0022400033,2024-11-22,DEN,DAL,False
0022400027,2024-11-22,PHI,BKN,True
0022400031,2024-11-22,HOU,POR,True
0022400030,2024-11-22,CHI,ATL,True
0022400029,2024-11-22,MIL,IND,True
0022400262,2024-11-21,SAS,UTA,True
0022400261,2024-11-21,TOR,MIN,True
0022400260,2024-11-21,CHA,DET,True
0022400263,2024-11-21,LAL,ORL,False
0022400256,2024-11-20,OKC,POR,True
0022400257,2024-11-20,PHX,NYK,False
0022400255,2024-11-20,MEM,PHI,True
0022400252,2024-11-20,CLE,NOP,True
0022400253,2024-11-20,MIL,CHI,True
0022400258,2024-11-20,GSW,ATL,True
0022400259,2024-11-20,LAC,ORL,True
0022400254,2024-11-20,HOU,IND,True
0022400024,2024-11-19,DAL,NOP,True
0022400023,2024-11-19,MEM,DEN,False
0022400021,2024-11-19,BOS,CLE,True
0022400022,2024-11-19,BKN,CHA,True
0022400026,2024-11-19,LAL,UTA,True
0022400025,2024-11-19,SAS,OKC,True
0022400244,2024-11-18,DET,CHI,False
0022400249,2024-11-18,PHX,ORL,False
0022400248,2024-11-18,MIL,HOU,True
0022400247,2024-11-18,TOR,IND,True
0022400245,2024-11-18,MIA,PHI,True
0022400250,2024-11-18,SAC,ATL,False
0022400251,2024-11-18,LAC,GSW,True
0022400246,2024-11-18,NYK,WAS,True
0022400235,2024-11-17,IND,MIA,True
0022400237,2024-11-17,WAS,DET,False
0022400236,2024-11-17,CLE,CHA,True
0022400242,2024-11-17,OKC,DAL,False
0022400240,2024-11-17,NYK,BKN,True
0022400238,2024-11-17,MEM,DEN,True
0022400234,2024-11-17,MIN,PHX,True
0022400241,2024-11-17,CHI,HOU,False
0022400243,2024-11-17,LAC,UTA,True
0022400239,2024-11-17,POR,ATL,True
0022400230,2024-11-16,BOS,TOR,True
0022400229,2024-11-16,CHA,MIL,True
0022400233,2024-11-16,SAC,UTA,True
0022400232,2024-11-16,DAL,SAS,True
0022400231,2024-11-16,NOP,LAL,False
0022400017,2024-11-15,NOP,DEN,True
0022400011,2024-11-15,TOR,DET,False
0022400018,2024-11-15,OKC,PHX,True
0022400016,2024-11-15,HOU,LAC,True
0022400010,2024-11-15,ORL,PHI,True
0022400014,2024-11-15,NYK,BKN,True
0022400015,2024-11-15,SAS,LAL,False
0022400012,2024-11-15,ATL,WAS,True
0022400020,2024-11-15,SAC,MIN,False
0022400013,2024-11-15,CLE,CHI,True
0022400009,2024-11-15,IND,MIA,False
0022400019,2024-11-15,GSW,MEM,True
0022400228,2024-11-14,UTA,DAL,True
0022400226,2024-11-13,POR,MIN,True
0022400217,2024-11-13,ORL,IND,True
0022400220,2024-11-13,PHI,CLE,False
0022400219,2024-11-13,NYK,CHI,False
0022400221,2024-11-13,OKC,NOP,True
0022400227,2024-11-13,SAC,PHX,True
0022400224,2024-11-13,SAS,WAS,True
0022400222,2024-11-13,HOU,LAC,True
0022400225,2024-11-13,LAL,MEM,True
0022400223,2024-11-13,MIL,DET,True
0022400218,2024-11-13,BKN,BOS,False
0022400005,2024-11-12,MIL,TOR,True
0022400008,2024-11-12,POR,MIN,True
0022400002,2024-11-12,DET,MIA,True
0022400003,2024-11-12,ORL,CHA,True
0022400001,2024-11-12,BOS,ATL,False
0022400007,2024-11-12,GSW,DAL,True
0022400006,2024-11-12,UTA,PHX,False
0022400004,2024-11-12,PHI,NYK,False
0022400213,2024-11-11,HOU,WAS,True
0022400212,2024-11-11,CHI,CLE,False
0022400216,2024-11-11,SAS,SAC,True
0022400215,2024-11-11,OKC,LAC,True
0022400214,2024-11-11,NOP,BKN,False
0022400207,2024-11-10,OKC,GSW,False
0022400203,2024-11-10,IND,NYK,True
0022400204,2024-11-10,ORL,WAS,True
0022400206,2024-11-10,MIN,MIA,False
0022400205,2024-11-10,PHI,CHA,True
0022400201,2024-11-10,DET,HOU,False
0022400210,2024-11-10,POR,MEM,False
0022400202,2024-11-10,MIL,BOS,False
0022400211,2024-11-10,LAL,TOR,True
0022400208,2024-11-10,DEN,DAL,True
0022400209,2024-11-10,PHX,SAC,False
0022400199,2024-11-09,CLE,BKN,True
0022400197,2024-11-09,SAS,UTA,False
0022400200,2024-11-09,LAC,TOR,True
0022400198,2024-11-09,ATL,CHI,False
0022400191,2024-11-08,MEM,WAS,True
0022400187,2024-11-08,BOS,BKN,True
0022400188,2024-11-08,CLE,GSW,True
0022400184,2024-11-08,CHA,IND,True
0022400194,2024-11-08,DEN,MIA,True
0022400189,2024-11-08,NYK,MIL,True
0022400193,2024-11-08,MIN,POR,True
0022400192,2024-11-08,OKC,HOU,True
0022400196,2024-11-08,SAC,LAC,False
0022400195,2024-11-08,LAL,PHI,True
0022400185,2024-11-08,DET,ATL,True
0022400186,2024-11-08,ORL,NOP,True
0022400190,2024-11-08,DAL,PHX,False
0022400182,2024-11-07,MIL,UTA,True
0022400183,2024-11-07,SAS,POR,True
0022400181,2024-11-07,CHI,MIN,False
0022400179,2024-11-06,LAC,PHI,True
0022400171,2024-11-06,ATL,NYK,True
0022400172,2024-11-06,BOS,GSW,False
0022400173,2024-11-06,HOU,SAS,True
0022400175,2024-11-06,NOP,CLE,False
0022400169,2024-11-06,CHA,DET,True
0022400178,2024-11-06,PHX,MIA,True
0022400176,2024-11-06,DAL,CHI,True
0022400174,2024-11-06,MEM,LAL,True
0022400180,2024-11-06,SAC,TOR,True
0022400170,2024-11-06,IND,ORL,True
0022400177,2024-11-06,DEN,OKC,True
0022400168,2024-11-04,LAC,SAS,True
0022400158,2024-11-04,BKN,MEM,True
0022400159,2024-11-04,MIA,SAC,False
0022400165,2024-11-04,DAL,IND,False
0022400161,2024-11-04,HOU,NYK,True
0022400155,2024-11-04,WAS,GSW,False
0022400166,2024-11-04,DEN,TOR,True
0022400154,2024-11-04,CLE,MIL,True
0022400164,2024-11-04,NOP,POR,False
0022400167,2024-11-04,PHX,PHI,True
0022400160,2024-11-04,CHI,UTA,False
0022400157,2024-11-04,ATL,BOS,False
0022400162,2024-11-04,MIN,CHA,True
0022400156,2024-11-04,DET,LAL,True
0022400163,2024-11-04,OKC,ORL,True
0022400153,2024-11-03,DAL,ORL,True
0022400151,2024-11-03,BKN,DET,False
0022400152,2024-11-03,NOP,ATL,False
0022400146,2024-11-02,SAS,MIN,True
0022400142,2024-11-02,PHI,MEM,False
0022400144,2024-11-02,HOU,GSW,False
0022400150,2024-11-02,LAC,OKC,False
0022400143,2024-11-02,TOR,SAC,True
0022400145,2024-11-02,MIL,CLE,False
0022400141,2024-11-02,CHA,BOS,False
0022400149,2024-11-02,PHX,POR,True
0022400147,2024-11-02,WAS,MIA,True
0022400148,2024-11-02,DEN,UTA,True
0022400135,2024-11-01,ATL,SAC,False
0022400137,2024-11-01,TOR,LAL,False
0022400134,2024-11-01,DET,NYK,False
0022400132,2024-11-01,CHA,BOS,False
0022400139,2024-11-01,MIN,DEN,True
0022400140,2024-11-01,POR,OKC,False
0022400136,2024-11-01,BKN,CHI,True
0022400133,2024-11-01,CLE,ORL,True
0022400138,2024-11-01,NOP,IND,True
0022400131,2024-10-31,LAC,PHX,False
0022400130,2024-10-31,UTA,SAS,False
0022400129,2024-10-31,DAL,HOU,False
0022400128,2024-10-31,MEM,MIL,True
0022400121,2024-10-30,WAS,ATL,True
0022400127,2024-10-30,LAC,POR,False
0022400117,2024-10-30,CHA,TOR,True
0022400123,2024-10-30,CHI,ORL,True
0022400125,2024-10-30,OKC,SAS,True
0022400124,2024-10-30,MEM,BKN,False
0022400122,2024-10-30,MIA,NYK,False
0022400119,2024-10-30,IND,BOS,True
0022400118,2024-10-30,CLE,LAL,True
0022400126,2024-10-30,GSW,NOP,True
0022400120,2024-10-30,PHI,DET,False
0022400113,2024-10-29,BKN,DEN,False
0022400114,2024-10-29,MIN,DAL,False
0022400116,2024-10-29,GSW,NOP,True
0022400115,2024-10-29,UTA,SAC,False
0022400108,2024-10-28,MEM,CHI,False
0022400109,2024-10-28,SAS,HOU,False
0022400104,2024-10-28,BOS,MIL,True
0022400102,2024-10-28,ORL,IND,True
0022400103,2024-10-28,ATL,WAS,False
0022400106,2024-10-28,NYK,CLE,False
0022400105,2024-10-28,MIA,DET,True
0022400112,2024-10-28,SAC,POR,True
0022400111,2024-10-28,PHX,LAL,True
0022400110,2024-10-28,DAL,UTA,True
0022400107,2024-10-28,TOR,DEN,False
0022400098,2024-10-27,BKN,MIL,True
0022400101,2024-10-27,GSW,LAC,False
0022400099,2024-10-27,POR,NOP,True
0022400097,2024-10-27,IND,PHI,False
0022400100,2024-10-27,OKC,ATL,True
0022400094,2024-10-26,SAS,HOU,True
0022400090,2024-10-26,WAS,CLE,False
0022400096,2024-10-26,LAL,SAC,True
0022400088,2024-10-26,CHA,MIA,False
0022400093,2024-10-26,MIN,TOR,True
0022400087,2024-10-26,DEN,LAC,False
0022400091,2024-10-26,CHI,OKC,False
0022400092,2024-10-26,MEM,ORL,True
0022400089,2024-10-26,DET,BOS,False
0022400095,2024-10-26,PHX,DAL,True
0022400083,2024-10-25,MIL,CHI,False
0022400078,2024-10-25,TOR,PHI,True
0022400080,2024-10-25,CLE,DET,True
0022400082,2024-10-25,HOU,MEM,True
0022400086,2024-10-25,POR,NOP,False
0022400085,2024-10-25,LAL,PHX,True
0022400081,2024-10-25,NYK,IND,True
0022400084,2024-10-25,UTA,GSW,False
0022400079,2024-10-25,ATL,CHA,True
0022400077,2024-10-25,ORL,BKN,True
0022400076,2024-10-24,SAC,MIN,False
0022400073,2024-10-24,WAS,BOS,False
0022400075,2024-10-24,DEN,OKC,False
0022400074,2024-10-24,DAL,SAS,True
0022400070,2024-10-23,UTA,MEM,False
0022400064,2024-10-23,ATL,BKN,True
0022400066,2024-10-23,PHI,MIL,False
0022400068,2024-10-23,HOU,CHA,False
0022400067,2024-10-23,TOR,CLE,False
0022400065,2024-10-23,MIA,ORL,False
0022400069,2024-10-23,NOP,CHI,True
0022400071,2024-10-23,LAC,PHX,False
0022400063,2024-10-23,DET,IND,False
0022400072,2024-10-23,POR,GSW,False
0022400062,2024-10-22,LAL,MIN,True
0022400061,2024-10-22,BOS,NYK,True
