PLAYER_ID,SEASON_ID,LEAGUE_ID,TEAM_ID,TEAM_ABBREVIATION,PLAYER_AGE,GP,GS,MIN,FGM,FGA,FG_PCT,FG3M,FG3A,FG3_PCT,FTM,FTA,FT_PCT,OREB,DREB,REB,AST,STL,BLK,TOV,PF,PTS,PPG,APG,PER,FULL_NAME
1630173,2024-25,00,1610612752,NYK,25.0,57,10,1170.0,164,327,0.502,10,36,0.278,41,69,0.594,101,216,317,55,47,42,45,81,379,6.6,1.0,16.2,Precious Achiuwa
203500,2024-25,00,1610612745,HOU,31.0,58,3,794.0,91,167,0.545,0,2,0.0,43,93,0.462,166,161,327,66,22,28,54,60,225,3.9,1.1,19.3,Steven Adams
1628389,2024-25,00,1610612748,MIA,27.0,78,78,2674.0,540,1113,0.485,79,221,0.357,251,328,0.765,185,564,749,337,98,53,161,162,1410,18.1,4.3,22.9,Bam Adebayo
1630534,2024-25,00,1610612761,TOR,24.0,64,45,1739.0,266,534,0.498,101,253,0.399,34,48,0.708,61,181,242,98,58,30,54,125,667,10.4,1.5,15.3,Ochai Agbaji
1630583,2024-25,00,1610612763,MEM,24.0,65,16,1660.0,313,648,0.483,120,326,0.368,65,94,0.691,94,322,416,188,52,29,71,76,811,12.5,2.9,21.8,Santi Aldama
1641725,2024-25,00,1610612743,DEN,21.0,24,0,117.0,13,41,0.317,3,17,0.176,3,4,0.75,1,11,12,11,2,1,5,10,32,1.3,0.5,5.0,Trey Alexander
1629638,2024-25,00,1610612750,MIN,26.0,82,10,2073.0,270,616,0.438,141,370,0.381,92,118,0.78,54,211,265,223,50,34,99,139,773,9.4,2.7,14.5,Nickeil Alexander-Walker
1628960,2024-25,00,1610612756,PHX,29.0,64,7,1544.0,219,489,0.448,149,350,0.426,93,114,0.816,34,160,194,137,54,19,75,95,680,10.6,2.1,17.0,Grayson Allen
1628386,2024-25,00,1610612739,CLE,27.0,82,82,2296.0,452,640,0.706,0,5,0.0,199,277,0.718,216,582,798,158,77,73,97,127,1103,13.5,1.9,26.7,Jarrett Allen
1630631,2024-25,00,1610612740,NOP,27.0,56,23,1366.0,204,521,0.392,111,309,0.359,60,74,0.811,27,109,136,259,74,14,86,91,579,10.3,4.6,17.1,Jose Alvarado
203937,2024-25,00,1610612748,MIA,31.0,61,4,1002.0,142,303,0.469,25,70,0.357,48,65,0.738,53,153,206,145,40,33,37,81,357,5.9,2.4,18.5,Kyle Anderson
203507,2024-25,00,1610612749,MIL,30.0,67,67,2289.0,793,1319,0.601,14,63,0.222,436,707,0.617,147,651,798,433,58,78,206,155,2036,30.4,6.5,37.6,Giannis Antetokounmpo
1630175,2024-25,00,1610612753,ORL,24.0,67,22,1234.0,230,543,0.424,77,218,0.353,93,113,0.823,46,158,204,191,45,32,103,151,630,9.4,2.9,17.6,Cole Anthony
1628384,2024-25,00,1610612752,NYK,27.0,74,74,2706.0,489,1027,0.476,171,460,0.372,183,226,0.81,97,261,358,164,110,65,102,172,1332,18.0,2.2,18.8,OG Anunoby
1630166,2024-25,00,1610612757,POR,24.0,72,54,2161.0,402,844,0.476,125,342,0.365,290,372,0.78,110,412,522,281,71,35,196,171,1219,16.9,3.9,21.9,Deni Avdija
1629028,2024-25,00,1610612757,POR,26.0,40,40,1206.0,265,468,0.566,6,32,0.188,40,60,0.667,124,282,406,64,31,39,69,88,576,14.4,1.6,21.4,Deandre Ayton
1630542,2024-25,00,1610612755,PHI,23.0,10,4,253.0,27,69,0.391,5,32,0.156,8,10,0.8,23,47,70,10,9,12,7,16,67,6.7,1.0,13.9,Marcus Bagley
1628963,2024-25,00,1610612763,MEM,26.0,31,2,265.0,55,106,0.519,3,19,0.158,23,35,0.657,38,46,84,11,9,8,12,18,136,4.4,0.4,23.0,Marvin Bagley III
1631116,2024-25,00,1610612746,LAC,22.0,24,0,107.0,19,35,0.543,13,23,0.565,2,4,0.5,5,20,25,3,3,2,5,7,53,2.2,0.1,20.3,Patrick Baldwin Jr.
1630163,2024-25,00,1610612766,CHA,23.0,47,47,1505.0,406,1003,0.405,179,528,0.339,193,229,0.843,47,185,232,346,54,13,167,157,1184,25.2,7.4,24.8,LaMelo Ball
1628366,2024-25,00,1610612741,CHI,27.0,35,14,777.0,89,243,0.366,67,195,0.344,22,27,0.815,25,93,118,115,47,17,41,55,267,7.6,3.3,15.9,Lonzo Ball
1628964,2024-25,00,1610612740,NOP,26.0,32,2,413.0,52,112,0.464,15,54,0.278,19,27,0.704,32,113,145,18,9,31,20,56,138,4.3,0.6,16.5,Mo Bamba
1631094,2024-25,00,1610612753,ORL,22.0,46,46,1582.0,412,911,0.452,87,272,0.32,280,385,0.727,51,294,345,219,36,28,136,97,1191,25.9,4.8,24.8,Paolo Banchero
1630217,2024-25,00,1610612763,MEM,26.0,69,68,2205.0,493,1018,0.484,164,418,0.392,177,198,0.894,62,356,418,369,80,28,169,164,1327,19.2,5.3,23.6,Desmond Bane
1630625,2024-25,00,1610612757,POR,25.0,67,7,1120.0,198,507,0.391,72,222,0.324,91,125,0.728,30,105,135,160,43,34,86,58,559,8.3,2.4,16.5,Dalano Banton
1631230,2024-25,00,1610612737,ATL,21.0,35,4,375.0,60,113,0.531,7,27,0.259,21,33,0.636,35,50,85,19,9,16,5,47,148,4.2,0.5,18.6,Dominick Barlow
203084,2024-25,00,1610612759,SAS,32.0,82,82,2230.0,347,683,0.508,156,360,0.433,161,199,0.809,97,213,310,136,39,14,50,75,1011,12.3,1.7,18.8,Harrison Barnes
1630567,2024-25,00,1610612761,TOR,23.0,65,65,2134.0,474,1063,0.446,76,280,0.271,228,302,0.755,109,393,502,378,93,63,185,113,1252,19.3,5.8,23.2,Scottie Barnes
1629628,2024-25,00,1610612761,TOR,24.0,58,58,1869.0,460,982,0.468,107,306,0.35,196,311,0.63,61,305,366,314,46,17,165,137,1223,21.1,5.4,22.0,RJ Barrett
1629646,2024-25,00,1610612759,SAS,24.0,36,1,376.0,68,117,0.581,0,0,0.0,21,33,0.636,56,96,152,17,14,30,23,50,157,4.4,0.5,23.1,Charles Bassey
1641734,2024-25,00,1610612739,CLE,21.0,10,0,75.0,13,38,0.342,11,30,0.367,0,0,0.0,0,7,7,8,1,1,2,4,37,3.7,0.8,13.4,Emoni Bates
1642419,2024-25,00,1610612761,TOR,23.0,59,10,1042.0,149,347,0.429,105,259,0.405,16,18,0.889,37,121,158,53,17,10,27,92,419,7.1,0.9,13.9,Jamison Battle
201587,2024-25,00,1610612746,LAC,36.0,78,8,1367.0,104,238,0.437,88,203,0.433,17,21,0.81,47,171,218,84,52,36,34,111,313,4.0,1.1,12.2,Nicolas Batum
1641878,2024-25,00,1610612766,CHA,24.0,15,2,370.0,42,130,0.323,12,56,0.214,13,15,0.867,14,36,50,56,15,2,31,22,109,7.3,3.7,8.7,Damion Baugh
203078,2024-25,00,1610612756,PHX,31.0,53,38,1702.0,345,694,0.497,102,264,0.386,110,137,0.803,34,143,177,195,58,28,99,136,902,17.0,3.7,19.2,Bradley Beal
1627736,2024-25,00,1610612765,DET,28.0,82,18,2283.0,461,1071,0.43,319,766,0.416,95,140,0.679,47,167,214,139,73,5,83,125,1336,16.3,1.7,18.6,Malik Beasley
1630699,2024-25,00,1610612752,NYK,24.0,35,0,156.0,27,65,0.415,10,29,0.345,15,20,0.75,11,33,44,11,4,1,15,14,79,2.3,0.3,15.7,MarJon Beauchamp
1641736,2024-25,00,1610612751,BKN,23.0,36,4,469.0,35,107,0.327,7,40,0.175,16,21,0.762,13,26,39,63,33,2,21,36,93,2.6,1.8,9.3,Reece Beekman
1629048,2024-25,00,1610612753,ORL,25.0,70,42,1429.0,207,339,0.611,3,28,0.107,85,133,0.639,167,296,463,137,49,98,72,150,502,7.2,2.0,22.0,Goga Bitadze
202687,2024-25,00,1610612759,SAS,32.0,28,26,528.0,67,114,0.588,0,0,0.0,10,25,0.4,43,115,158,31,16,23,27,52,144,5.1,1.1,15.1,Bismack Biyombo
1641710,2024-25,00,1610612753,ORL,21.0,78,10,1887.0,262,620,0.423,62,195,0.318,150,197,0.761,52,178,230,240,86,48,139,166,736,9.4,3.1,14.3,Anthony Black
203992,2024-25,00,1610612746,LAC,32.0,54,4,1348.0,210,492,0.427,105,289,0.363,58,66,0.879,24,135,159,146,41,11,74,127,583,10.8,2.7,14.4,Bogdan Bogdanović
1629626,2024-25,00,1610612756,PHX,25.0,36,10,448.0,96,183,0.525,32,93,0.344,20,26,0.769,20,84,104,22,9,25,20,20,244,6.8,0.6,22.6,Bol Bol
1641737,2024-25,00,1610612755,PHI,22.0,58,11,905.0,135,192,0.703,0,1,0.0,67,100,0.67,92,153,245,27,26,69,61,125,337,5.8,0.5,19.1,Adem Bona
1626164,2024-25,00,1610612756,PHX,28.0,75,75,2795.0,654,1420,0.461,183,551,0.332,432,483,0.894,76,229,305,529,67,16,220,198,1923,25.6,7.1,24.5,Devin Booker
1630527,2024-25,00,1610612740,NOP,23.0,42,10,993.0,166,381,0.436,49,140,0.35,67,85,0.788,28,106,134,92,53,9,52,73,448,10.7,2.2,16.3,Brandon Boston
1628449,2024-25,00,1610612761,TOR,32.0,50,0,862.0,182,370,0.492,70,193,0.363,68,87,0.782,70,154,224,33,24,25,29,68,502,10.0,0.7,23.7,Chris Boucher
1631123,2024-25,00,1610612749,MIL,25.0,5,1,62.0,6,12,0.5,1,5,0.2,4,6,0.667,1,4,5,10,4,2,8,2,17,3.4,2.0,12.1,Jamaree Bouyea
1628396,2024-25,00,1610612754,IND,27.0,14,0,113.0,29,45,0.644,1,3,0.333,2,6,0.333,18,24,42,6,2,9,5,11,61,4.4,0.4,28.3,Tony Bradley
1631103,2024-25,00,1610612759,SAS,21.0,47,0,427.0,87,190,0.458,34,84,0.405,27,33,0.818,7,44,51,38,11,2,34,29,235,5.0,0.8,16.2,Malaki Branham
1631128,2024-25,00,1610612743,DEN,24.0,79,77,2675.0,476,821,0.58,89,224,0.397,177,214,0.827,98,312,410,205,85,37,81,170,1218,15.4,2.6,20.1,Christian Braun
1641779,2024-25,00,1610612756,PHX,23.0,8,0,30.0,2,7,0.286,2,7,0.286,3,4,0.75,0,4,4,0,0,0,4,0,9,1.1,0.0,1.4,Jalen Bridges
1628969,2024-25,00,1610612752,NYK,28.0,82,82,3036.0,592,1183,0.5,164,463,0.354,96,118,0.814,71,188,259,306,75,43,132,127,1444,17.6,3.7,17.4,Mikal Bridges
1628970,2024-25,00,1610612766,CHA,27.0,64,64,2029.0,469,1089,0.431,141,450,0.313,221,254,0.87,72,409,481,248,44,45,136,93,1300,20.3,3.9,22.5,Miles Bridges
1629052,2024-25,00,1610612755,PHI,26.0,6,2,142.0,19,39,0.487,6,18,0.333,8,14,0.571,7,15,22,4,4,3,8,14,52,8.7,0.7,12.0,Oshae Brissett
1627763,2024-25,00,1610612764,WAS,32.0,24,13,564.0,104,240,0.433,16,56,0.286,81,92,0.88,21,70,91,98,13,5,38,30,305,12.7,4.1,20.6,Malcolm Brogdon
1628415,2024-25,00,1610612745,HOU,29.0,75,75,2388.0,384,895,0.429,186,469,0.397,99,121,0.818,75,200,275,128,60,16,76,242,1053,14.0,1.7,13.7,Dillon Brooks
1631232,2024-25,00,1610612740,NOP,24.0,14,6,332.0,53,109,0.486,14,43,0.326,22,30,0.733,12,46,58,13,10,10,12,30,142,10.1,0.9,16.0,Keion Brooks Jr.
1628971,2024-25,00,1610612740,NOP,28.0,41,12,922.0,130,309,0.421,27,81,0.333,53,65,0.815,40,124,164,84,34,10,39,71,340,8.3,2.0,14.1,Bruce Brown
1627759,2024-25,00,1610612738,BOS,28.0,63,63,2158.0,518,1118,0.463,116,358,0.324,246,322,0.764,82,286,368,286,73,19,162,154,1398,22.2,4.5,22.1,Jaylen Brown
1641738,2024-25,00,1610612746,LAC,25.0,40,0,272.0,33,72,0.458,6,26,0.231,5,7,0.714,19,46,65,24,7,4,12,23,77,1.9,0.6,13.1,Kobe Brown
1629650,2024-25,00,1610612742,DAL,25.0,13,2,119.0,34,49,0.694,0,0,0.0,8,11,0.727,12,32,44,2,6,4,11,17,76,5.8,0.2,27.3,Moses Brown
1628973,2024-25,00,1610612752,NYK,28.0,65,65,2301.0,585,1200,0.487,152,397,0.383,368,448,0.821,27,160,187,475,60,8,164,138,1690,26.0,7.3,26.9,Jalen Brunson
1628418,2024-25,00,1610612754,IND,27.0,66,8,963.0,163,321,0.508,48,148,0.324,55,64,0.859,83,168,251,53,28,41,30,76,429,6.5,0.8,21.2,Thomas Bryant
1641723,2024-25,00,1610612737,ATL,21.0,10,0,124.0,18,47,0.383,4,19,0.211,13,18,0.722,5,16,21,17,3,2,8,9,53,5.3,1.7,14.5,Kobe Bufkin
202692,2024-25,00,1610612748,MIA,33.0,49,14,864.0,115,271,0.424,88,207,0.425,38,49,0.776,15,109,124,55,28,7,29,37,356,7.3,1.1,15.7,Alec Burks
1630215,2024-25,00,1610612755,PHI,24.0,60,17,1044.0,203,453,0.448,60,169,0.355,75,91,0.824,25,85,110,220,42,13,80,97,541,9.0,3.7,19.7,Jared Butler
202710,2024-25,00,1610612744,GSW,35.0,55,55,1746.0,301,597,0.504,32,104,0.308,330,392,0.842,125,171,296,298,77,18,74,52,964,17.5,5.4,27.4,Jimmy Butler III
1641824,2024-25,00,1610612741,CHI,20.0,80,31,1511.0,252,555,0.454,96,266,0.361,88,108,0.815,55,223,278,79,29,75,74,128,688,8.6,1.0,16.5,Matas Buzelis
1631288,2024-25,00,1610612740,NOP,26.0,37,0,502.0,68,158,0.43,26,80,0.325,34,50,0.68,27,58,85,22,23,9,22,46,196,5.3,0.6,14.4,Jamal Cain
203484,2024-25,00,1610612753,ORL,32.0,77,77,2279.0,239,544,0.439,113,330,0.342,82,95,0.863,33,136,169,136,99,34,62,136,673,8.7,1.8,11.9,Kentavious Caldwell-Pope
1641739,2024-25,00,1610612757,POR,24.0,78,78,2548.0,328,716,0.458,135,360,0.375,91,126,0.722,173,277,450,175,116,50,109,230,882,11.3,2.2,15.2,Toumani Camara
203991,2024-25,00,1610612737,ATL,30.0,55,41,1176.0,218,390,0.559,0,1,0.0,52,97,0.536,174,295,469,62,34,53,47,106,488,8.9,1.1,22.4,Clint Capela
1642382,2024-25,00,1610612760,OKC,25.0,32,0,246.0,43,97,0.443,22,66,0.333,14,18,0.778,17,37,54,14,5,21,7,22,122,3.8,0.4,21.6,Branden Carlson
1642267,2024-25,00,1610612764,WAS,19.0,82,57,2458.0,300,748,0.401,138,407,0.339,69,85,0.812,33,308,341,364,54,21,141,190,807,9.8,4.4,12.0,Bub Carrington
1642269,2024-25,00,1610612758,SAC,23.0,36,0,396.0,47,127,0.37,18,61,0.295,26,44,0.591,19,57,76,41,21,4,18,39,138,3.8,1.1,13.5,Devin Carter
1628975,2024-25,00,1610612741,CHI,29.0,36,1,321.0,55,146,0.377,35,105,0.333,8,10,0.8,4,35,39,40,13,3,11,15,153,4.2,1.1,16.6,Jevon Carter
1628976,2024-25,00,1610612753,ORL,26.0,68,51,1758.0,226,491,0.46,37,158,0.234,129,175,0.737,151,341,492,134,52,41,77,199,618,9.1,2.0,16.2,Wendell Carter Jr.
1630618,2024-25,00,1610612761,TOR,24.0,4,0,33.0,1,7,0.143,0,3,0.0,1,1,1.0,0,4,4,3,2,0,4,1,3,0.8,0.8,-2.0,D.J. Carton
1627936,2024-25,00,1610612760,OKC,31.0,54,3,1041.0,140,314,0.446,60,170,0.353,42,51,0.824,38,121,159,137,87,30,37,102,382,7.1,2.5,19.4,Alex Caruso
1642264,2024-25,00,1610612759,SAS,20.0,81,47,2162.0,423,988,0.428,95,333,0.285,249,344,0.724,89,208,297,332,74,22,177,164,1190,14.7,4.1,18.2,Stephon Castle
1630658,2024-25,00,1610612761,TOR,24.0,26,4,432.0,46,98,0.469,2,16,0.125,29,38,0.763,53,69,122,28,8,10,23,51,123,4.7,1.1,13.8,Colin Castleton
1630577,2024-25,00,1610612759,SAS,23.0,82,29,1932.0,276,665,0.415,178,480,0.371,85,94,0.904,67,251,318,111,61,35,74,114,815,9.9,1.4,15.7,Julian Champagnie
1630551,2024-25,00,1610612764,WAS,23.0,62,31,1341.0,210,411,0.511,74,193,0.383,50,73,0.685,112,239,351,60,65,39,54,110,544,8.8,1.0,19.5,Justin Champagnie
1642279,2024-25,00,1610612761,TOR,19.0,7,0,32.0,2,5,0.4,0,0,0.0,1,2,0.5,4,4,8,2,0,1,2,5,5,0.7,0.3,6.6,Ulrich Chomche
1642353,2024-25,00,1610612746,LAC,19.0,13,0,59.0,7,24,0.292,2,13,0.154,2,4,0.5,3,9,12,6,5,1,2,4,18,1.4,0.5,11.6,Cam Christie
1631108,2024-25,00,1610612742,DAL,22.0,78,36,2127.0,252,590,0.427,115,314,0.366,130,152,0.855,38,220,258,146,64,31,88,115,749,9.6,1.9,13.0,Max Christie
1630528,2024-25,00,1610612748,MIA,23.0,14,0,69.0,11,31,0.355,2,11,0.182,4,6,0.667,0,9,9,8,5,3,6,2,28,2.0,0.6,12.3,Josh Christopher
1631321,2024-25,00,1610612757,POR,21.0,22,0,114.0,13,30,0.433,3,13,0.231,3,9,0.333,8,13,21,15,2,1,11,10,32,1.5,0.7,9.1,Sidy Cissoko
1641740,2024-25,00,1610612750,MIN,23.0,40,4,522.0,56,120,0.467,22,51,0.431,29,37,0.784,26,27,53,26,36,2,8,61,163,4.1,0.6,14.4,Jaylen Clark
1629634,2024-25,00,1610612763,MEM,28.0,64,18,1207.0,236,380,0.621,1,17,0.059,61,87,0.701,127,199,326,66,52,36,41,145,534,8.3,1.0,22.1,Brandon Clarke
203903,2024-25,00,1610612762,UTA,32.0,37,9,962.0,201,493,0.408,84,232,0.362,114,143,0.797,25,93,118,138,31,9,86,52,600,16.2,3.7,19.3,Jordan Clarkson
1629651,2024-25,00,1610612751,BKN,26.0,70,62,1882.0,320,568,0.563,5,21,0.238,79,154,0.513,157,358,515,157,62,100,87,150,724,10.3,2.2,19.7,Nic Claxton
1642270,2024-25,00,1610612757,POR,21.0,67,37,1324.0,180,334,0.539,14,49,0.286,62,104,0.596,217,310,527,77,34,110,72,189,436,6.5,1.1,20.4,Donovan Clingan
1641730,2024-25,00,1610612751,BKN,20.0,46,20,1042.0,133,372,0.358,87,261,0.333,67,80,0.838,43,138,181,40,24,21,46,105,420,9.1,0.9,11.9,Noah Clowney
1629599,2024-25,00,1610612746,LAC,27.0,72,13,1748.0,240,510,0.471,101,247,0.409,115,129,0.891,32,129,161,77,40,7,45,120,696,9.7,1.1,13.8,Amir Coffey
1642268,2024-25,00,1610612762,UTA,20.0,71,46,1839.0,234,555,0.422,42,169,0.249,105,154,0.682,32,203,235,446,66,16,208,149,615,8.7,6.3,12.9,Isaiah Collier
1628381,2024-25,00,1610612762,UTA,27.0,40,31,1221.0,280,531,0.527,59,148,0.399,139,164,0.848,89,238,327,80,39,40,103,116,758,19.0,2.0,23.9,John Collins
1641879,2024-25,00,1610612744,GSW,23.0,2,0,16.0,1,3,0.333,0,0,0.0,0,0,0.0,2,1,3,4,2,0,0,5,2,1.0,2.0,16.3,Yuri Collins
1628380,2024-25,00,1610612741,CHI,27.0,64,12,977.0,153,302,0.507,32,106,0.302,69,78,0.885,102,186,288,111,29,29,60,132,407,6.4,1.7,20.3,Zach Collins
201144,2024-25,00,1610612750,MIN,37.0,71,64,1756.0,187,468,0.4,127,310,0.41,81,90,0.9,32,150,182,319,79,14,75,111,582,8.2,4.5,16.3,Mike Conley
1626192,2024-25,00,1610612749,MIL,32.0,41,1,603.0,83,177,0.469,26,81,0.321,24,31,0.774,19,90,109,70,9,11,24,45,216,5.3,1.7,15.1,Pat Connaughton
1641731,2024-25,00,1610612764,WAS,20.0,59,59,1948.0,263,624,0.421,63,224,0.281,138,185,0.746,91,203,294,199,78,41,125,139,727,12.3,3.4,14.0,Bilal Coulibaly
1641741,2024-25,00,1610612755,PHI,23.0,73,12,1250.0,177,463,0.382,55,213,0.258,123,153,0.804,51,163,214,97,32,13,52,67,532,7.3,1.3,14.4,Ricky Council IV
1628470,2024-25,00,1610612738,BOS,34.0,26,4,314.0,38,90,0.422,24,66,0.364,8,12,0.667,27,46,73,17,8,12,8,34,108,4.2,0.7,15.8,Torrey Craig
1642384,2024-25,00,1610612758,SAC,23.0,15,0,46.0,5,11,0.455,1,5,0.2,2,4,0.5,1,7,8,1,1,2,1,2,13,0.9,0.1,11.3,Isaiah Crawford
203109,2024-25,00,1610612758,SAC,34.0,9,2,103.0,7,22,0.318,4,15,0.267,5,6,0.833,6,14,20,6,3,0,4,10,23,2.6,0.7,8.3,Jae Crowder
1630595,2024-25,00,1610612765,DET,23.0,70,70,2452.0,684,1457,0.469,149,418,0.356,313,370,0.846,56,369,425,638,71,53,309,195,1830,26.1,9.1,26.6,Cade Cunningham
203552,2024-25,00,1610612766,CHA,34.0,68,14,1062.0,164,343,0.478,83,182,0.456,33,39,0.846,24,89,113,60,27,7,32,59,444,6.5,0.9,15.2,Seth Curry
201939,2024-25,00,1610612744,GSW,37.0,70,70,2252.0,564,1258,0.448,311,784,0.397,279,299,0.933,40,270,310,421,80,30,200,95,1718,24.5,6.0,28.1,Stephen Curry
1642359,2024-25,00,1610612752,NYK,19.0,18,0,111.0,10,31,0.323,6,19,0.316,4,6,0.667,3,15,18,5,3,2,4,7,30,1.7,0.3,8.2,Pacome Dadiet
1630700,2024-25,00,1610612737,ATL,22.0,76,76,2571.0,455,923,0.493,80,235,0.34,83,140,0.593,124,325,449,333,229,55,155,175,1073,14.1,4.4,20.2,Dyson Daniels
1642368,2024-25,00,1610612745,HOU,23.0,4,0,51.0,10,13,0.769,0,0,0.0,4,5,0.8,6,15,21,2,1,5,2,9,24,6.0,0.5,27.9,N'Faly Dante
203076,2024-25,00,1610612742,DAL,32.0,51,51,1705.0,470,910,0.516,35,124,0.282,286,369,0.775,134,456,590,181,59,110,113,98,1261,24.7,3.5,32.0,Anthony Davis
1631098,2024-25,00,1610612764,WAS,22.0,34,0,242.0,32,78,0.41,7,29,0.241,9,15,0.6,10,28,38,11,15,6,7,18,80,2.4,0.3,13.0,Johnny Davis
1631120,2024-25,00,1610612738,BOS,22.0,16,0,93.0,12,34,0.353,4,18,0.222,5,7,0.714,2,11,13,13,5,1,13,2,33,2.1,0.8,9.0,JD Davison
201942,2024-25,00,1610612758,SAC,35.0,77,77,2768.0,624,1308,0.477,84,256,0.328,378,441,0.857,50,248,298,342,62,32,105,150,1710,22.2,4.4,22.2,DeMar DeRozan
1642484,2024-25,00,1610612754,IND,24.0,11,0,70.0,11,33,0.333,6,21,0.286,2,2,1.0,2,10,12,14,7,2,5,7,30,2.7,1.3,18.1,RayJ Dennis
1628978,2024-25,00,1610612750,MIN,28.0,62,10,1606.0,250,593,0.422,174,438,0.397,49,63,0.778,32,196,228,225,73,17,99,114,723,11.7,3.6,17.6,Donte DiVincenzo
1631217,2024-25,00,1610612766,CHA,23.0,71,8,1241.0,167,280,0.596,0,6,0.0,69,116,0.595,187,251,438,56,46,40,61,109,403,5.7,0.8,19.4,Moussa Diabaté
1641711,2024-25,00,1610612761,TOR,21.0,54,54,1587.0,265,647,0.41,114,326,0.35,133,155,0.858,44,149,193,98,48,10,83,120,777,14.4,1.8,14.6,Gradey Dick
1631172,2024-25,00,1610612760,OKC,22.0,37,1,405.0,54,125,0.432,23,71,0.324,11,16,0.688,18,63,81,31,17,7,18,33,142,3.8,0.8,14.4,Ousmane Dieng
1642265,2024-25,00,1610612750,MIN,20.0,49,1,516.0,93,211,0.441,25,74,0.338,8,15,0.533,12,38,50,98,20,1,53,37,219,4.5,2.0,13.5,Rob Dillingham
203915,2024-25,00,1610612742,DAL,32.0,79,30,2136.0,284,682,0.416,109,326,0.334,195,243,0.802,18,191,209,349,70,17,102,121,872,11.0,4.4,16.4,Spencer Dinwiddie
1629029,2024-25,00,1610612747,LAL,26.0,50,50,1769.0,461,1025,0.45,177,481,0.368,309,395,0.782,40,369,409,383,89,21,179,126,1408,28.2,7.7,30.2,Luka Dončić
1629652,2024-25,00,1610612760,OKC,26.0,71,71,2073.0,258,593,0.435,170,413,0.412,33,46,0.717,89,204,293,115,79,39,51,208,719,10.1,1.6,14.0,Luguentz Dort
1630245,2024-25,00,1610612741,CHI,25.0,46,26,1394.0,221,449,0.492,62,189,0.328,62,79,0.785,26,135,161,208,43,18,69,105,566,12.3,4.5,16.9,Ayo Dosunmu
1630288,2024-25,00,1610612755,PHI,27.0,41,3,621.0,112,230,0.487,28,70,0.4,33,45,0.733,12,48,60,78,24,12,15,29,285,7.0,1.9,19.5,Jeff Dowtin Jr.
1628408,2024-25,00,1610612750,MIN,28.0,9,0,35.0,2,3,0.667,2,3,0.667,1,6,0.167,1,4,5,5,1,0,1,3,7,0.8,0.6,11.5,PJ Dozier
203083,2024-25,00,1610612755,PHI,31.0,40,23,751.0,117,234,0.5,3,20,0.15,56,90,0.622,109,201,310,34,39,18,55,94,293,7.3,0.8,18.9,Andre Drummond
1630537,2024-25,00,1610612741,CHI,27.0,17,0,74.0,12,26,0.462,6,15,0.4,6,8,0.75,5,15,20,9,0,0,1,7,36,2.1,0.5,21.5,Chris Duarte
1642505,2024-25,00,1610612760,OKC,24.0,21,0,125.0,12,30,0.4,10,21,0.476,2,2,1.0,9,17,26,5,5,0,4,12,36,1.7,0.2,12.5,Alex Ducas
1630561,2024-25,00,1610612759,SAS,25.0,6,0,34.0,6,14,0.429,3,6,0.5,1,2,0.5,1,4,5,4,1,0,2,1,16,2.7,0.7,16.2,David Duke Jr.
1627739,2024-25,00,1610612746,LAC,31.0,74,58,1783.0,192,437,0.439,75,224,0.335,15,22,0.682,53,198,251,210,128,27,74,197,474,6.4,2.8,13.6,Kris Dunn
1642346,2024-25,00,1610612756,PHX,22.0,74,44,1410.0,205,477,0.43,82,264,0.311,19,39,0.487,92,175,267,57,44,40,40,162,511,6.9,0.8,13.4,Ryan Dunn
201142,2024-25,00,1610612756,PHX,36.0,62,62,2265.0,592,1124,0.527,160,372,0.43,303,361,0.839,23,351,374,263,50,77,190,104,1647,26.6,4.2,26.6,Kevin Durant
1631105,2024-25,00,1610612765,DET,21.0,78,78,2034.0,378,546,0.692,0,0,0.0,162,242,0.669,277,530,807,209,54,89,136,251,918,11.8,2.7,25.8,Jalen Duren
1631106,2024-25,00,1610612745,HOU,23.0,57,16,1420.0,272,559,0.487,63,184,0.342,79,104,0.76,128,234,362,83,97,50,65,136,686,12.0,1.5,22.0,Tari Eason
1641744,2024-25,00,1610612763,MEM,22.0,66,55,1416.0,251,433,0.58,18,52,0.346,90,127,0.709,232,316,548,65,36,85,88,182,610,9.2,1.0,22.8,Zach Edey
1630162,2024-25,00,1610612750,MIN,23.0,79,79,2871.0,721,1612,0.447,320,811,0.395,415,496,0.837,61,389,450,359,91,51,249,150,2177,27.6,4.5,25.4,Anthony Edwards
1642399,2024-25,00,1610612750,MIN,25.0,2,0,5.0,0,0,0.0,0,0,0.0,0,0,0.0,0,0,0,1,0,0,0,2,0,0.0,0.5,0.1,Jesse Edwards
1642348,2024-25,00,1610612755,PHI,21.0,44,26,1155.0,172,378,0.455,69,190,0.363,32,46,0.696,46,102,148,69,45,16,49,98,445,10.1,1.6,13.8,Justin Edwards
1630556,2024-25,00,1610612742,DAL,24.0,40,18,608.0,67,135,0.496,22,54,0.407,12,13,0.923,22,93,115,42,19,20,16,62,168,4.2,1.0,13.7,Kessler Edwards
1631165,2024-25,00,1610612758,SAC,25.0,80,28,1948.0,227,464,0.489,139,321,0.433,73,86,0.849,60,152,212,120,121,63,71,176,666,8.3,1.5,16.1,Keon Ellis
203954,2024-25,00,1610612755,PHI,31.0,19,19,574.0,140,315,0.444,23,77,0.299,149,169,0.882,36,119,155,85,14,18,62,42,452,23.8,4.5,28.6,Joel Embiid
1630623,2024-25,00,1610612751,BKN,25.0,7,0,151.0,17,52,0.327,13,44,0.295,8,10,0.8,3,6,9,12,3,1,8,17,55,7.9,1.7,7.9,Tyson Etienne
1629234,2024-25,00,1610612746,LAC,28.0,61,4,746.0,115,194,0.593,3,6,0.5,47,71,0.662,60,166,226,54,12,39,41,63,280,4.6,0.9,19.0,Drew Eubanks
1641787,2024-25,00,1610612751,BKN,24.0,28,0,665.0,94,220,0.427,24,77,0.312,55,73,0.753,32,88,120,55,24,10,39,55,267,9.5,2.0,14.6,Tosan Evbuomwan
203957,2024-25,00,1610612742,DAL,29.0,20,13,372.0,64,134,0.478,23,53,0.434,23,31,0.742,4,29,33,56,12,3,22,34,174,8.7,2.8,17.2,Danté Exum
1628981,2024-25,00,1610612761,TOR,26.0,17,2,147.0,26,49,0.531,0,0,0.0,6,8,0.75,21,30,51,18,4,9,14,27,58,3.4,1.1,19.1,Bruno Fernando
1642271,2024-25,00,1610612762,UTA,21.0,72,27,1522.0,260,518,0.502,77,220,0.35,93,143,0.65,112,328,440,140,48,22,102,171,690,9.6,1.9,18.8,Kyle Filipowski
1627827,2024-25,00,1610612747,LAL,31.0,63,40,1819.0,195,435,0.448,129,314,0.411,30,45,0.667,80,167,247,90,58,23,56,136,549,8.7,1.4,12.4,Dorian Finney-Smith
1641745,2024-25,00,1610612760,OKC,25.0,37,0,203.0,25,96,0.26,14,72,0.194,1,2,0.5,7,20,27,12,8,3,4,15,65,1.8,0.3,5.8,Adam Flagler
1642280,2024-25,00,1610612746,LAC,20.0,6,0,27.0,4,11,0.364,0,2,0.0,3,3,1.0,1,3,4,0,0,0,1,4,11,1.8,0.0,6.3,Trentyn Flowers
1630201,2024-25,00,1610612766,CHA,26.0,4,0,44.0,5,13,0.385,1,4,0.25,5,6,0.833,3,4,7,7,3,0,4,4,16,4.0,1.8,15.4,Malachi Flynn
1631323,2024-25,00,1610612765,DET,29.0,75,0,1237.0,150,373,0.402,76,227,0.335,70,84,0.833,52,163,215,65,31,12,54,95,446,5.9,0.9,12.4,Simone Fontecchio
1628368,2024-25,00,1610612759,SAS,27.0,62,62,2241.0,539,1163,0.463,118,381,0.31,263,318,0.827,54,244,298,392,91,25,174,164,1459,23.5,6.3,23.3,De'Aaron Fox
1642402,2024-25,00,1610612754,IND,24.0,22,1,181.0,16,37,0.432,1,10,0.1,13,19,0.684,11,19,30,9,3,3,6,21,46,2.1,0.4,9.4,Enrique Freeman
1628365,2024-25,00,1610612758,SAC,26.0,21,0,184.0,28,67,0.418,4,8,0.5,1,1,1.0,6,14,20,27,10,2,15,12,61,2.9,1.3,11.5,Markelle Fultz
1642277,2024-25,00,1610612754,IND,20.0,50,0,379.0,35,92,0.38,15,50,0.3,18,22,0.818,23,48,71,19,18,11,12,41,103,2.1,0.4,12.2,Johnny Furphy
1629655,2024-25,00,1610612742,DAL,26.0,57,31,1226.0,283,403,0.702,0,0,0.0,135,196,0.689,155,233,388,80,23,102,66,152,701,12.3,1.4,29.4,Daniel Gafford
1629636,2024-25,00,1610612739,CLE,25.0,75,75,2301.0,554,1174,0.472,212,529,0.401,224,255,0.878,47,167,214,506,91,11,189,143,1544,20.6,6.7,25.5,Darius Garland
1630585,2024-25,00,1610612766,CHA,26.0,4,0,79.0,11,27,0.407,3,8,0.375,3,4,0.75,1,5,6,13,3,2,6,10,28,7.0,3.2,11.4,Marcus Garrett
1630568,2024-25,00,1610612750,MIN,26.0,39,0,219.0,52,105,0.495,10,36,0.278,24,35,0.686,31,23,54,11,6,3,12,29,138,3.5,0.3,23.0,Luka Garza
1641718,2024-25,00,1610612762,UTA,21.0,67,35,2108.0,359,919,0.391,174,507,0.343,233,285,0.818,26,227,253,377,46,9,183,111,1125,16.8,5.6,17.2,Keyonte George
1642273,2024-25,00,1610612764,WAS,21.0,68,38,1802.0,203,546,0.372,114,354,0.322,70,93,0.753,49,236,285,169,68,50,97,201,590,8.7,2.5,11.6,Kyshawn George
202331,2024-25,00,1610612755,PHI,34.0,41,41,1334.0,245,570,0.43,96,268,0.358,79,97,0.814,24,195,219,178,75,20,106,101,665,16.2,4.3,18.0,Paul George
201959,2024-25,00,1610612766,CHA,39.0,37,11,409.0,47,95,0.495,1,2,0.5,12,20,0.6,51,69,120,21,9,18,25,54,107,2.9,0.6,12.9,Taj Gibson
1630581,2024-25,00,1610612741,CHI,22.0,70,69,2117.0,371,798,0.465,105,278,0.378,175,224,0.781,127,439,566,503,84,45,202,122,1022,14.6,7.2,23.6,Josh Giddey
1628983,2024-25,00,1610612760,OKC,26.0,76,76,2598.0,860,1656,0.519,163,435,0.375,601,669,0.898,67,312,379,486,131,77,183,164,2484,32.7,6.4,38.3,Shai Gilgeous-Alexander
1630264,2024-25,00,1610612764,WAS,32.0,51,0,398.0,43,88,0.489,10,31,0.323,33,50,0.66,18,48,66,16,9,2,10,30,129,2.5,0.3,12.9,Anthony Gill
1631221,2024-25,00,1610612756,PHX,25.0,33,9,461.0,68,158,0.43,39,90,0.433,19,22,0.864,22,56,78,78,21,5,17,30,194,5.9,2.4,20.5,Collin Gillespie
203497,2024-25,00,1610612750,MIN,32.0,72,72,2388.0,341,510,0.669,0,0,0.0,184,273,0.674,265,520,785,127,56,104,89,182,866,12.0,1.8,21.4,Rudy Gobert
1630692,2024-25,00,1610612747,LAL,26.0,29,5,543.0,63,144,0.438,26,68,0.382,9,11,0.818,38,74,112,42,30,11,26,43,161,5.6,1.4,14.6,Jordan Goodwin
203932,2024-25,00,1610612743,DEN,29.0,51,42,1447.0,264,497,0.531,75,172,0.436,145,179,0.81,80,167,247,164,23,14,73,82,748,14.7,3.2,21.6,Aaron Gordon
201569,2024-25,00,1610612755,PHI,36.0,39,13,769.0,87,204,0.426,56,137,0.409,36,48,0.75,8,38,46,65,26,12,28,32,266,6.8,1.7,13.2,Eric Gordon
1641789,2024-25,00,1610612742,DAL,22.0,16,0,57.0,9,23,0.391,4,11,0.364,2,4,0.5,1,4,5,6,2,1,5,9,24,1.5,0.4,9.0,Jazian Gortman
203924,2024-25,00,1610612757,POR,31.0,47,47,1524.0,214,574,0.373,108,296,0.365,141,166,0.849,26,137,163,101,41,46,65,109,677,14.4,2.1,13.9,Jerami Grant
1631260,2024-25,00,1610612749,MIL,25.0,73,7,1659.0,182,424,0.429,155,363,0.427,22,27,0.815,18,156,174,108,37,7,40,157,541,7.4,1.5,11.6,AJ Green
203110,2024-25,00,1610612744,GSW,35.0,68,66,1983.0,216,509,0.424,80,246,0.325,101,147,0.687,74,340,414,383,99,70,174,219,613,9.0,5.6,15.7,Draymond Green
1630224,2024-25,00,1610612745,HOU,23.0,82,82,2697.0,608,1437,0.423,234,661,0.354,273,336,0.813,45,332,377,282,71,27,203,127,1723,21.0,3.4,19.1,Jalen Green
1629750,2024-25,00,1610612739,CLE,31.0,68,19,1258.0,123,287,0.429,46,141,0.326,55,76,0.724,59,159,218,56,65,31,32,98,347,5.1,0.8,13.2,Javonte Green
201145,2024-25,00,1610612745,HOU,38.0,32,3,396.0,61,121,0.504,29,79,0.367,21,26,0.808,11,47,58,20,6,4,9,32,172,5.4,0.6,16.5,Jeff Green
1630182,2024-25,00,1610612766,CHA,24.0,68,67,1888.0,180,421,0.428,97,248,0.391,49,72,0.681,56,116,172,108,74,15,70,165,506,7.4,1.6,9.8,Josh Green
1629656,2024-25,00,1610612755,PHI,24.0,75,37,2013.0,384,823,0.467,162,421,0.385,162,214,0.757,59,265,324,228,74,22,141,138,1092,14.6,3.0,19.7,Quentin Grimes
1631243,2024-25,00,1610612737,ATL,22.0,33,28,533.0,72,171,0.421,21,81,0.259,32,42,0.762,44,95,139,27,28,33,15,55,197,6.0,0.8,18.4,Mouhamed Gueye
1629060,2024-25,00,1610612747,LAL,27.0,59,57,1869.0,293,576,0.509,102,247,0.413,87,113,0.77,79,216,295,83,45,26,49,105,775,13.1,1.4,16.6,Rui Hachimura
1630169,2024-25,00,1610612754,IND,25.0,73,73,2450.0,476,1006,0.473,218,562,0.388,189,222,0.851,42,216,258,673,105,49,120,92,1359,18.6,9.2,27.5,Tyrese Haliburton
1641790,2024-25,00,1610612743,DEN,23.0,19,0,66.0,14,24,0.583,2,8,0.25,3,4,0.75,6,16,22,4,0,4,2,11,33,1.7,0.2,22.8,PJ Hall
203501,2024-25,00,1610612765,DET,33.0,77,77,2153.0,276,680,0.406,168,457,0.368,124,145,0.855,18,165,183,123,38,7,48,96,844,11.0,1.6,12.7,Tim Hardaway Jr.
201935,2024-25,00,1610612746,LAC,35.0,79,79,2789.0,531,1295,0.41,235,668,0.352,505,578,0.874,55,401,456,687,118,55,341,162,1802,22.8,8.7,24.8,James Harden
1630702,2024-25,00,1610612742,DAL,22.0,57,3,907.0,180,414,0.435,76,197,0.386,60,86,0.698,9,80,89,81,28,5,82,90,496,8.7,1.4,13.9,Jaden Hardy
1641989,2024-25,00,1610612762,UTA,25.0,10,0,138.0,11,35,0.314,7,25,0.28,3,6,0.5,9,12,21,8,10,1,3,18,32,3.2,0.8,9.9,Elijah Harkless
1631199,2024-25,00,1610612765,DET,25.0,1,0,17.0,1,8,0.125,0,6,0.0,2,2,1.0,4,3,7,2,0,0,0,0,4,4.0,2.0,10.3,Ron Harper Jr.
203914,2024-25,00,1610612753,ORL,30.0,48,3,711.0,51,133,0.383,36,101,0.356,7,12,0.583,20,44,64,30,26,12,17,45,145,3.0,0.6,8.3,Gary Harris
202699,2024-25,00,1610612765,DET,32.0,73,73,2305.0,384,805,0.477,91,264,0.345,143,166,0.861,65,367,432,162,74,57,85,138,1002,13.7,2.2,17.5,Tobias Harris
1628404,2024-25,00,1610612752,NYK,30.0,77,77,2897.0,404,770,0.525,84,252,0.333,159,205,0.776,161,576,737,453,119,27,158,201,1051,13.6,5.9,19.8,Josh Hart
1628392,2024-25,00,1610612760,OKC,27.0,57,53,1590.0,279,480,0.581,0,19,0.0,79,117,0.675,163,448,611,219,47,62,96,171,637,11.2,3.8,22.9,Isaiah Hartenstein
1630573,2024-25,00,1610612738,BOS,27.0,71,19,1541.0,214,474,0.451,166,399,0.416,11,11,1.0,44,180,224,64,41,13,23,87,605,8.5,0.9,15.5,Sam Hauser
1641722,2024-25,00,1610612740,NOP,22.0,56,9,1320.0,207,556,0.372,110,332,0.331,80,98,0.816,25,133,158,66,30,23,58,51,604,10.8,1.2,12.8,Jordan Hawkins
1629637,2024-25,00,1610612747,LAL,24.0,56,35,1093.0,161,223,0.722,0,3,0.0,61,98,0.622,78,191,269,58,31,51,43,136,383,6.8,1.0,18.7,Jaxson Hayes
1630165,2024-25,00,1610612751,BKN,23.0,6,5,162.0,18,43,0.419,8,21,0.381,10,12,0.833,5,13,18,31,4,4,9,13,54,9.0,5.2,15.6,Killian Hayes
1630703,2024-25,00,1610612757,POR,21.0,66,10,1759.0,287,685,0.419,105,297,0.354,158,206,0.767,52,146,198,335,68,13,177,181,837,12.7,5.1,16.1,Scoot Henderson
1641707,2024-25,00,1610612762,UTA,21.0,3,3,75.0,4,18,0.222,3,12,0.25,3,4,0.75,5,10,15,2,5,4,2,8,14,4.7,0.7,8.9,Taylor Hendricks
1629639,2024-25,00,1610612748,MIA,25.0,77,77,2725.0,651,1378,0.472,251,670,0.375,287,327,0.878,35,364,399,424,69,17,198,85,1840,23.9,5.5,24.5,Tyler Herro
1627741,2024-25,00,1610612744,GSW,32.0,82,22,1863.0,328,786,0.417,203,549,0.37,53,64,0.828,51,213,264,134,69,23,91,132,912,11.1,1.6,16.2,Buddy Hield
1629312,2024-25,00,1610612748,MIA,28.0,74,42,1818.0,179,391,0.458,89,233,0.382,31,43,0.721,72,180,252,112,68,37,54,164,478,6.5,1.5,11.9,Haywood Highsmith
1628988,2024-25,00,1610612745,HOU,28.0,62,3,792.0,117,268,0.437,72,181,0.398,34,41,0.829,13,65,78,83,19,11,37,64,340,5.5,1.3,15.2,Aaron Holiday
201950,2024-25,00,1610612738,BOS,34.0,62,62,1896.0,254,573,0.443,108,306,0.353,70,77,0.909,76,189,265,239,66,27,77,101,686,11.1,3.9,16.3,Jrue Holiday
1641842,2024-25,00,1610612765,DET,19.0,81,2,1266.0,197,416,0.474,36,151,0.238,92,122,0.754,40,178,218,82,49,17,72,141,522,6.4,1.0,14.2,Ronald Holland II
1626158,2024-25,00,1610612764,WAS,31.0,31,7,534.0,90,139,0.647,0,3,0.0,50,60,0.833,62,115,177,42,9,23,21,49,230,7.4,1.4,24.2,Richaun Holmes
1631096,2024-25,00,1610612760,OKC,23.0,32,32,877.0,167,341,0.49,44,116,0.379,101,134,0.754,48,209,257,63,23,71,56,72,479,15.0,2.0,23.7,Chet Holmgren
1641720,2024-25,00,1610612755,PHI,21.0,15,0,315.0,37,98,0.378,14,46,0.304,18,21,0.857,3,24,27,37,5,7,18,25,106,7.1,2.5,10.1,Jalen Hood-Schifino
201143,2024-25,00,1610612738,BOS,38.0,60,42,1659.0,195,461,0.423,114,314,0.363,34,38,0.895,79,290,369,128,36,51,46,81,538,9.0,2.1,15.4,Al Horford
1629659,2024-25,00,1610612741,CHI,24.0,58,0,724.0,133,291,0.457,41,122,0.336,72,98,0.735,19,81,100,83,21,11,40,59,379,6.5,1.4,18.5,Talen Horton-Tucker
1631216,2024-25,00,1610612753,ORL,22.0,58,6,788.0,80,190,0.421,64,160,0.4,15,17,0.882,19,56,75,35,22,6,13,62,239,4.1,0.6,11.4,Caleb Houstan
1641724,2024-25,00,1610612753,ORL,21.0,60,0,701.0,98,262,0.374,55,186,0.296,16,23,0.696,20,50,70,44,13,11,36,68,267,4.4,0.7,9.3,Jett Howard
1628989,2024-25,00,1610612741,CHI,26.0,69,31,1679.0,257,604,0.425,132,391,0.338,35,49,0.714,30,175,205,156,66,23,67,121,681,9.9,2.3,14.7,Kevin Huerter
1630643,2024-25,00,1610612763,MEM,27.0,64,2,748.0,157,305,0.515,81,200,0.405,44,56,0.786,30,99,129,38,16,56,34,78,439,6.9,0.6,23.4,Jay Huff
1630574,2024-25,00,1610612752,NYK,23.0,25,1,217.0,21,31,0.677,0,0,0.0,6,13,0.462,14,37,51,11,1,15,21,32,48,1.9,0.4,9.2,Ariel Hukporti
1629631,2024-25,00,1610612739,CLE,27.0,64,9,1740.0,358,762,0.47,157,388,0.405,215,254,0.846,44,214,258,92,50,13,82,155,1088,17.0,1.4,21.0,De'Andre Hunter
1630538,2024-25,00,1610612750,MIN,24.0,24,0,239.0,47,118,0.398,32,82,0.39,23,26,0.885,5,20,25,32,18,4,25,29,149,6.2,1.3,20.1,Bones Hyland
1642345,2024-25,00,1610612756,PHX,22.0,61,6,1046.0,113,187,0.604,0,2,0.0,29,50,0.58,66,156,222,71,28,29,39,102,255,4.2,1.2,13.3,Oso Ighodaro
204060,2024-25,00,1610612750,MIN,37.0,19,1,114.0,6,23,0.261,3,15,0.2,0,0,0.0,2,9,11,23,2,0,9,12,15,0.8,1.2,3.8,Joe Ingles
1627742,2024-25,00,1610612740,NOP,27.0,18,18,595.0,155,333,0.465,43,115,0.374,47,55,0.855,17,83,100,93,16,11,69,45,400,22.2,5.2,21.0,Brandon Ingram
1631127,2024-25,00,1610612759,SAS,22.0,5,0,35.0,2,4,0.5,0,1,0.0,0,0,0.0,2,7,9,3,3,0,1,2,4,0.8,0.6,12.9,Harrison Ingram
202681,2024-25,00,1610612742,DAL,33.0,50,50,1804.0,447,945,0.473,144,359,0.401,196,214,0.916,60,180,240,231,66,23,111,101,1234,24.7,4.6,24.9,Kyrie Irving
1628371,2024-25,00,1610612753,ORL,27.0,71,1,1090.0,134,324,0.414,39,151,0.258,73,107,0.682,120,194,314,40,61,80,33,90,380,5.4,0.6,19.1,Jonathan Isaac
1631093,2024-25,00,1610612765,DET,23.0,30,30,898.0,190,413,0.46,63,154,0.409,85,116,0.733,40,84,124,119,28,11,89,67,528,17.6,4.0,19.1,Jaden Ivey
1641713,2024-25,00,1610612763,MEM,20.0,29,3,459.0,74,199,0.372,32,95,0.337,29,40,0.725,27,65,92,29,12,5,31,30,209,7.2,1.0,12.9,GG Jackson
1630543,2024-25,00,1610612754,IND,23.0,5,1,84.0,14,23,0.609,0,0,0.0,7,14,0.5,11,17,28,5,3,8,5,14,35,7.0,1.0,22.1,Isaiah Jackson
1631245,2024-25,00,1610612754,IND,26.0,28,7,381.0,58,122,0.475,15,40,0.375,31,40,0.775,14,30,44,53,21,5,16,43,162,5.8,1.9,18.6,Quenton Jackson
202704,2024-25,00,1610612755,PHI,34.0,31,1,384.0,52,133,0.391,25,74,0.338,7,9,0.778,8,34,42,45,16,3,17,34,136,4.4,1.5,12.3,Reggie Jackson
1641748,2024-25,00,1610612749,MIL,23.0,67,43,980.0,94,197,0.477,30,76,0.395,12,24,0.5,65,117,182,83,34,14,58,114,230,3.4,1.2,10.6,Andre Jackson Jr.
1628991,2024-25,00,1610612763,MEM,25.0,74,74,2207.0,592,1213,0.488,146,389,0.375,311,398,0.781,91,326,417,148,92,113,153,257,1641,22.2,2.0,25.9,Jaren Jackson Jr.
1631218,2024-25,00,1610612744,GSW,25.0,62,37,967.0,174,302,0.576,0,3,0.0,59,102,0.578,122,189,311,104,23,38,45,73,407,6.6,1.7,22.8,Trayce Jackson-Davis
1642355,2024-25,00,1610612747,LAL,20.0,27,1,181.0,21,67,0.313,9,32,0.281,11,14,0.786,4,14,18,22,9,3,13,13,62,2.3,0.8,9.5,Bronny James
2544,2024-25,00,1610612747,LAL,40.0,70,70,2444.0,651,1270,0.513,149,396,0.376,259,331,0.782,72,474,546,575,70,39,260,99,1710,24.4,8.2,28.4,LeBron James
1631170,2024-25,00,1610612748,MIA,24.0,66,17,1368.0,213,462,0.461,37,119,0.311,107,142,0.754,84,206,290,166,61,14,98,81,570,8.6,2.5,17.5,Jaime Jaquez Jr.
1629610,2024-25,00,1610612766,CHA,27.0,47,20,1071.0,118,291,0.405,55,164,0.335,24,30,0.8,37,98,135,53,26,25,35,99,315,6.7,1.1,10.0,DaQuan Jeffries
1641998,2024-25,00,1610612747,LAL,25.0,38,0,392.0,41,74,0.554,0,0,0.0,13,33,0.394,44,61,105,16,9,15,24,69,95,2.5,0.4,10.7,Trey Jemison III
1642450,2024-25,00,1610612765,DET,23.0,7,0,23.0,3,10,0.3,1,7,0.143,0,2,0.0,0,2,2,3,0,0,1,2,7,1.0,0.4,1.7,Daniss Jenkins
1629660,2024-25,00,1610612739,CLE,27.0,70,3,1392.0,319,618,0.516,111,253,0.439,129,148,0.872,50,123,173,237,78,3,92,102,878,12.5,3.4,26.4,Ty Jerome
1630198,2024-25,00,1610612760,OKC,25.0,74,16,1604.0,259,588,0.44,192,466,0.412,46,56,0.821,41,155,196,119,48,9,38,113,756,10.2,1.6,17.6,Isaiah Joe
1642358,2024-25,00,1610612764,WAS,20.0,29,11,638.0,82,213,0.385,24,90,0.267,32,37,0.865,8,51,59,76,12,3,35,50,220,7.6,2.6,9.8,AJ Johnson
1629661,2024-25,00,1610612751,BKN,29.0,57,57,1800.0,355,747,0.475,159,408,0.39,201,225,0.893,54,193,247,194,53,25,99,104,1070,18.8,3.4,22.6,Cameron Johnson
1630552,2024-25,00,1610612737,ATL,23.0,36,36,1284.0,271,542,0.5,44,141,0.312,94,126,0.746,62,297,359,181,56,36,106,67,680,18.9,5.0,22.8,Jalen Johnson
201949,2024-25,00,1610612754,IND,38.0,12,0,37.0,4,11,0.364,0,3,0.0,0,1,0.0,0,6,6,4,0,2,4,5,8,0.7,0.3,1.4,James Johnson
1629640,2024-25,00,1610612759,SAS,25.0,77,0,1838.0,371,770,0.482,87,274,0.318,150,194,0.773,112,259,371,125,49,22,77,115,979,12.7,1.6,20.0,Keldon Johnson
1630553,2024-25,00,1610612751,BKN,23.0,79,56,1925.0,303,779,0.389,126,401,0.314,107,139,0.77,63,234,297,175,82,30,116,209,839,10.6,2.2,13.5,Keon Johnson
1642352,2024-25,00,1610612748,MIA,23.0,16,0,98.0,18,26,0.692,3,7,0.429,4,9,0.444,6,22,28,4,5,4,4,11,43,2.7,0.2,22.4,Keshad Johnson
203999,2024-25,00,1610612743,DEN,30.0,70,70,2571.0,786,1364,0.576,138,331,0.417,361,451,0.8,200,692,892,716,127,45,230,160,2071,29.6,10.2,40.2,Nikola Jokić
1641732,2024-25,00,1610612764,WAS,22.0,39,0,515.0,59,129,0.457,16,49,0.327,23,35,0.657,21,66,87,44,26,13,23,37,157,4.0,1.1,14.3,Colby Jones
1641794,2024-25,00,1610612760,OKC,23.0,54,3,552.0,51,133,0.383,16,63,0.254,17,28,0.607,30,91,121,58,16,4,28,54,135,2.5,1.1,10.3,Dillon Jones
1630529,2024-25,00,1610612740,NOP,26.0,20,20,648.0,75,172,0.436,22,72,0.306,33,40,0.825,22,56,78,65,37,9,35,66,205,10.2,3.2,13.0,Herbert Jones
1642403,2024-25,00,1610612758,SAC,24.0,40,0,304.0,54,83,0.651,3,8,0.375,23,36,0.639,22,35,57,12,5,10,16,30,134,3.4,0.3,18.3,Isaac Jones
1630539,2024-25,00,1610612742,DAL,24.0,40,6,468.0,87,109,0.798,1,5,0.2,23,32,0.719,40,85,125,25,15,23,18,50,198,5.0,0.6,23.8,Kai Jones
1630222,2024-25,00,1610612758,SAC,26.0,10,0,45.0,9,18,0.5,1,8,0.125,4,5,0.8,2,7,9,11,0,1,1,3,23,2.3,1.1,25.2,Mason Jones
1642461,2024-25,00,1610612743,DEN,23.0,20,0,125.0,11,34,0.324,1,17,0.059,3,3,1.0,8,9,17,5,5,5,5,17,26,1.3,0.2,6.1,Spencer Jones
1630200,2024-25,00,1610612741,CHI,25.0,46,9,905.0,128,238,0.538,19,48,0.396,55,67,0.821,31,85,116,192,37,10,35,55,330,7.2,4.2,20.6,Tre Jones
1626145,2024-25,00,1610612756,PHX,28.0,81,58,2174.0,306,683,0.448,166,401,0.414,51,57,0.895,40,156,196,429,69,8,91,63,829,10.2,5.3,18.0,Tyus Jones
1627884,2024-25,00,1610612746,LAC,28.0,77,55,1873.0,310,589,0.526,78,219,0.356,83,118,0.703,93,170,263,60,79,33,66,153,781,10.1,0.8,16.3,Derrick Jones Jr.
201599,2024-25,00,1610612743,DEN,36.0,56,5,691.0,91,140,0.65,0,0,0.0,27,64,0.422,84,200,284,53,16,27,40,74,209,3.7,0.9,18.8,DeAndre Jordan
202709,2024-25,00,1610612753,ORL,33.0,50,16,612.0,62,154,0.403,39,107,0.364,14,18,0.778,17,57,74,72,26,4,18,50,177,3.5,1.4,13.1,Cory Joseph
1631107,2024-25,00,1610612748,MIA,21.0,46,10,1156.0,172,377,0.456,78,210,0.371,72,87,0.828,26,154,180,131,38,13,60,82,494,10.7,2.8,16.9,Nikola Jović
1630548,2024-25,00,1610612762,UTA,24.0,64,18,1270.0,204,475,0.429,118,314,0.376,45,53,0.849,42,142,184,68,39,8,36,126,571,8.9,1.1,15.2,Johnny Juzang
1642530,2024-25,00,1610612763,MEM,23.0,22,0,93.0,11,30,0.367,7,23,0.304,7,9,0.778,0,12,12,19,2,0,5,8,36,1.6,0.9,14.9,Yuki Kawamura
1630283,2024-25,00,1610612740,NOP,27.0,11,2,126.0,14,22,0.636,0,0,0.0,6,10,0.6,12,27,39,5,1,3,4,15,34,3.1,0.5,14.5,Kylor Kelley
1628379,2024-25,00,1610612763,MEM,28.0,65,11,1472.0,206,431,0.478,113,261,0.433,51,57,0.895,37,146,183,215,50,5,72,59,576,8.9,3.3,17.7,Luke Kennard
1631117,2024-25,00,1610612762,UTA,23.0,58,58,1740.0,278,419,0.663,6,34,0.176,79,152,0.52,266,441,707,97,36,138,86,130,641,11.1,1.7,23.9,Walker Kessler
1630296,2024-25,00,1610612744,GSW,28.0,3,0,11.0,0,4,0.0,0,1,0.0,3,6,0.5,1,1,2,0,2,0,1,0,3,1.0,0.0,2.8,Braxton Key
1630557,2024-25,00,1610612764,WAS,26.0,61,0,1602.0,255,565,0.451,120,330,0.364,75,88,0.852,36,145,181,103,26,14,64,98,705,11.6,1.7,14.5,Corey Kispert
1628467,2024-25,00,1610612742,DAL,33.0,34,4,637.0,37,96,0.385,13,49,0.265,16,21,0.762,25,70,95,43,9,17,23,66,103,3.0,1.3,7.0,Maxi Kleber
1641752,2024-25,00,1610612765,DET,22.0,8,0,42.0,6,10,0.6,2,5,0.4,1,2,0.5,1,6,7,7,2,1,1,8,15,1.9,0.9,19.4,Bobi Klintman
1642261,2024-25,00,1610612747,LAL,24.0,78,16,1494.0,257,557,0.461,128,340,0.376,64,84,0.762,37,179,216,66,24,8,37,93,706,9.1,0.8,16.0,Dalton Knecht
1628995,2024-25,00,1610612744,GSW,25.0,14,0,84.0,18,36,0.5,4,15,0.267,6,8,0.75,7,10,17,5,2,4,4,6,46,3.3,0.4,21.8,Kevin Knox II
1642278,2024-25,00,1610612752,NYK,24.0,41,0,296.0,27,82,0.329,14,47,0.298,13,17,0.765,8,19,27,70,12,4,18,26,81,2.0,1.7,12.9,Tyler Kolek
1631132,2024-25,00,1610612747,LAL,24.0,37,0,342.0,40,66,0.606,0,4,0.0,10,14,0.714,35,57,92,16,8,16,12,44,90,2.4,0.4,15.3,Christian Koloko
1629723,2024-25,00,1610612763,MEM,29.0,46,4,558.0,41,91,0.451,23,62,0.371,7,8,0.875,37,114,151,42,30,14,16,32,112,2.4,0.9,15.0,John Konchar
1628436,2024-25,00,1610612738,BOS,29.0,73,16,1361.0,187,280,0.668,0,3,0.0,67,97,0.691,190,198,388,117,36,71,31,119,441,6.0,1.6,22.3,Luke Kornet
1630249,2024-25,00,1610612737,ATL,24.0,57,16,1153.0,145,292,0.497,90,206,0.437,32,45,0.711,22,134,156,147,36,26,50,105,412,7.2,2.6,16.5,Vít Krejčí
1630228,2024-25,00,1610612744,GSW,22.0,47,10,1144.0,258,568,0.454,46,151,0.305,157,235,0.668,56,161,217,104,38,21,71,90,719,15.3,2.2,20.8,Jonathan Kuminga
1628398,2024-25,00,1610612749,MIL,29.0,65,62,1936.0,370,848,0.436,96,313,0.307,128,202,0.634,54,316,370,152,36,19,146,119,964,14.8,2.3,14.1,Kyle Kuzma
1631222,2024-25,00,1610612758,SAC,23.0,66,0,1349.0,160,337,0.475,60,142,0.423,78,115,0.678,90,169,259,158,62,23,86,132,458,6.9,2.4,16.1,Jake LaRavia
203897,2024-25,00,1610612758,SAC,30.0,74,74,2603.0,625,1223,0.511,239,536,0.446,235,285,0.825,22,293,315,310,58,12,208,121,1724,23.3,4.2,22.6,Zach LaVine
1627746,2024-25,00,1610612758,SAC,28.0,4,0,12.0,2,4,0.5,1,1,1.0,0,0,0.0,1,2,3,1,0,0,0,1,5,1.2,0.2,19.3,Skal Labissiere
1629111,2024-25,00,1610612745,HOU,29.0,42,3,500.0,81,152,0.533,11,26,0.423,27,40,0.675,56,81,137,37,13,10,21,49,200,4.8,0.9,19.1,Jock Landale
1641796,2024-25,00,1610612748,MIA,24.0,55,8,782.0,89,203,0.438,32,95,0.337,41,61,0.672,28,64,92,65,32,7,24,91,251,4.6,1.2,12.5,Pelle Larsson
1630639,2024-25,00,1610612761,TOR,24.0,26,2,486.0,80,190,0.421,33,101,0.327,43,63,0.683,20,66,86,31,13,6,15,44,236,9.1,1.2,16.6,A.J. Lawson
1627747,2024-25,00,1610612737,ATL,30.0,64,3,1596.0,280,599,0.467,106,284,0.373,110,155,0.71,41,162,203,215,57,33,76,99,776,12.1,3.4,19.6,Caris LeVert
1627814,2024-25,00,1610612756,PHX,32.0,25,0,144.0,27,74,0.365,9,37,0.243,20,21,0.952,3,17,20,11,6,0,10,6,83,3.3,0.4,15.9,Damion Lee
203458,2024-25,00,1610612747,LAL,31.0,46,7,380.0,32,63,0.508,2,9,0.222,8,17,0.471,38,57,95,38,9,21,20,56,74,1.6,0.8,12.5,Alex Len
202695,2024-25,00,1610612746,LAC,33.0,37,37,1180.0,310,623,0.498,78,190,0.411,98,121,0.81,35,184,219,116,59,17,72,56,796,21.5,3.1,25.1,Kawhi Leonard
1642502,2024-25,00,1610612760,OKC,25.0,6,0,21.0,0,2,0.0,0,1,0.0,2,4,0.5,1,2,3,1,0,0,1,4,2,0.3,0.2,-2.1,Malevy Leons
1641721,2024-25,00,1610612751,BKN,22.0,28,1,328.0,45,108,0.417,19,50,0.38,7,10,0.7,18,37,55,19,9,7,14,29,116,4.1,0.7,12.4,Maxwell Lewis
1630604,2024-25,00,1610612741,CHI,24.0,12,0,53.0,8,15,0.533,3,10,0.3,2,2,1.0,3,6,9,3,1,1,2,11,21,1.8,0.2,14.5,E.J. Liddell
203081,2024-25,00,1610612749,MIL,34.0,58,58,2093.0,444,992,0.448,197,524,0.376,362,393,0.921,29,243,272,410,70,10,162,97,1447,24.9,7.1,26.7,Damian Lillard
1641726,2024-25,00,1610612742,DAL,21.0,36,29,833.0,134,191,0.702,0,0,0.0,46,73,0.63,104,166,270,85,20,56,41,100,314,8.7,2.4,23.7,Dereck Lively II
1641753,2024-25,00,1610612749,MIL,21.0,21,1,106.0,9,27,0.333,0,8,0.0,12,16,0.75,10,25,35,5,5,0,6,8,30,1.4,0.2,12.2,Chris Livingston
1626172,2024-25,00,1610612744,GSW,29.0,76,6,1142.0,143,278,0.514,2,5,0.4,56,99,0.566,185,277,462,118,46,37,39,154,344,4.5,1.6,20.5,Kevon Looney
201572,2024-25,00,1610612749,MIL,37.0,80,80,2546.0,394,774,0.509,139,373,0.373,114,138,0.826,113,288,401,143,50,148,84,171,1041,13.0,1.8,17.9,Brook Lopez
201567,2024-25,00,1610612748,MIA,36.0,23,9,251.0,41,115,0.357,24,67,0.358,16,23,0.696,22,72,94,22,15,4,14,21,122,5.3,1.0,19.9,Kevin Love
200768,2024-25,00,1610612755,PHI,39.0,35,12,659.0,41,117,0.35,29,88,0.33,27,33,0.818,11,56,67,96,33,11,21,62,138,3.9,2.7,11.8,Kyle Lowry
1626168,2024-25,00,1610612758,SAC,29.0,69,5,1350.0,157,374,0.42,81,238,0.34,56,80,0.7,80,236,316,82,41,23,39,86,451,6.5,1.2,15.0,Trey Lyles
1630572,2024-25,00,1610612759,SAS,25.0,61,0,681.0,141,281,0.502,60,161,0.373,43,58,0.741,62,125,187,48,22,17,26,60,385,6.3,0.8,24.7,Sandro Mamukelashvili
1629611,2024-25,00,1610612737,ATL,28.0,67,13,1414.0,205,413,0.496,60,163,0.368,47,68,0.691,68,131,199,121,47,15,47,128,517,7.7,1.8,15.2,Terance Mann
1630544,2024-25,00,1610612766,CHA,24.0,13,0,319.0,70,161,0.435,24,60,0.4,19,21,0.905,12,26,38,39,7,4,25,24,183,14.1,3.0,17.3,Tre Mann
1628374,2024-25,00,1610612762,UTA,27.0,47,47,1476.0,296,700,0.423,138,399,0.346,162,185,0.876,72,206,278,70,33,17,66,79,892,19.0,1.5,20.1,Lauri Markkanen
1630230,2024-25,00,1610612742,DAL,27.0,69,31,1919.0,362,712,0.508,60,218,0.275,130,160,0.813,76,252,328,208,70,11,112,109,914,13.2,3.0,18.8,Naji Marshall
1628997,2024-25,00,1610612742,DAL,29.0,45,24,1218.0,129,304,0.424,37,103,0.359,61,98,0.622,53,124,177,95,46,23,56,87,356,7.9,2.1,11.8,Caleb Martin
1628998,2024-25,00,1610612756,PHX,29.0,53,8,1173.0,136,325,0.418,43,151,0.285,43,61,0.705,53,171,224,105,56,32,51,95,358,6.8,2.0,13.9,Cody Martin
1641798,2024-25,00,1610612764,WAS,21.0,16,0,239.0,31,74,0.419,7,23,0.304,9,10,0.9,11,33,44,17,9,0,12,14,78,4.9,1.1,11.9,Jaylen Martin
1630231,2024-25,00,1610612762,UTA,24.0,43,16,912.0,111,201,0.552,15,58,0.259,37,47,0.787,30,95,125,48,17,22,24,101,274,6.4,1.1,12.4,KJ Martin
1631213,2024-25,00,1610612751,BKN,26.0,60,11,1315.0,189,465,0.406,99,282,0.351,46,58,0.793,58,161,219,122,34,9,74,77,523,8.7,2.0,13.8,Tyrese Martin
1629726,2024-25,00,1610612737,ATL,28.0,47,2,830.0,102,257,0.397,85,218,0.39,64,78,0.821,13,74,87,60,26,15,31,81,353,7.5,1.3,15.0,Garrison Mathews
1631097,2024-25,00,1610612754,IND,22.0,72,49,2149.0,391,853,0.458,98,288,0.34,276,332,0.831,87,296,383,136,47,24,135,162,1156,16.1,1.9,17.8,Bennedict Mathurin
1631255,2024-25,00,1610612740,NOP,24.0,42,7,791.0,135,235,0.574,21,66,0.318,34,44,0.773,64,145,209,46,22,41,43,106,325,7.7,1.1,19.0,Karlo Matković
1630178,2024-25,00,1610612755,PHI,24.0,52,52,1960.0,477,1091,0.437,161,478,0.337,254,289,0.879,15,159,174,317,91,21,124,116,1369,26.3,6.1,24.2,Tyrese Maxey
1630540,2024-25,00,1610612752,NYK,24.0,64,10,1593.0,222,547,0.406,115,312,0.369,52,64,0.813,47,114,161,187,67,17,41,108,611,9.5,2.9,15.5,Miles McBride
1642272,2024-25,00,1610612755,PHI,21.0,23,8,592.0,126,274,0.46,51,133,0.383,49,56,0.875,13,43,56,60,15,0,37,37,352,15.3,2.6,19.0,Jared McCain
1630644,2024-25,00,1610612753,ORL,26.0,2,0,10.0,0,2,0.0,0,1,0.0,0,0,0.0,0,1,1,3,0,0,0,2,0,0.0,1.5,0.6,Mac McClung
203468,2024-25,00,1610612740,NOP,33.0,56,56,1832.0,444,1000,0.444,171,459,0.373,124,173,0.717,42,170,212,227,46,24,106,124,1183,21.1,4.1,20.5,CJ McCollum
204456,2024-25,00,1610612754,IND,33.0,79,1,1415.0,324,624,0.519,15,49,0.306,57,77,0.74,44,149,193,351,83,21,109,79,720,9.1,4.4,23.5,T.J. McConnell
1641755,2024-25,00,1610612752,NYK,24.0,4,0,29.0,2,7,0.286,0,1,0.0,2,2,1.0,0,8,8,2,1,1,0,6,6,1.5,0.5,8.5,Kevin McCullar Jr.
1630183,2024-25,00,1610612750,MIN,24.0,82,82,2614.0,398,834,0.477,100,303,0.33,104,128,0.813,129,341,470,163,110,74,95,225,1000,12.2,2.0,16.2,Jaden McDaniels
1629667,2024-25,00,1610612764,WAS,27.0,4,0,7.0,0,0,0.0,0,0,0.0,0,0,0.0,0,0,0,1,1,0,0,0,0,0.0,0.2,12.7,Jalen McDaniels
203926,2024-25,00,1610612758,SAC,33.0,42,3,342.0,50,117,0.427,44,101,0.436,3,5,0.6,3,19,22,7,4,2,6,30,147,3.5,0.2,12.1,Doug McDermott
1631121,2024-25,00,1610612757,POR,22.0,13,0,32.0,4,14,0.286,0,4,0.0,5,6,0.833,2,1,3,2,1,0,4,3,13,1.0,0.2,3.6,Bryce McGowens
1629162,2024-25,00,1610612759,SAS,29.0,46,0,314.0,31,72,0.431,19,46,0.413,17,22,0.773,6,24,30,51,16,1,16,18,98,2.1,1.1,15.4,Jordan McLaughlin
1629098,2024-25,00,1610612745,HOU,28.0,9,0,43.0,5,17,0.294,4,13,0.308,0,0,0.0,2,3,5,1,0,2,2,3,14,1.6,0.1,5.6,Jack McVeigh
1629001,2024-25,00,1610612744,GSW,26.0,6,2,121.0,22,54,0.407,13,35,0.371,5,8,0.625,6,14,20,17,7,2,10,18,62,10.3,2.8,17.5,De'Anthony Melton
1630241,2024-25,00,1610612739,CLE,28.0,71,4,1401.0,172,424,0.406,137,368,0.372,28,29,0.966,38,119,157,108,53,14,35,124,509,7.2,1.5,14.0,Sam Merrill
203995,2024-25,00,1610612756,PHX,31.0,41,16,785.0,95,273,0.348,45,125,0.36,34,41,0.829,20,69,89,128,15,0,77,45,269,6.6,3.1,9.0,Vasilije Micić
203114,2024-25,00,1610612764,WAS,33.0,37,21,843.0,160,337,0.475,48,133,0.361,72,84,0.857,13,124,137,150,35,8,56,75,440,11.9,4.1,21.2,Khris Middleton
1641706,2024-25,00,1610612766,CHA,22.0,27,27,924.0,198,491,0.403,104,293,0.355,68,79,0.861,25,106,131,98,29,20,76,74,568,21.0,3.6,18.2,Brandon Miller
1641801,2024-25,00,1610612741,CHI,24.0,6,0,25.0,4,8,0.5,0,1,0.0,2,2,1.0,4,4,8,2,1,0,0,3,10,1.7,0.3,22.7,Emanuel Miller
1641757,2024-25,00,1610612746,LAC,25.0,37,0,420.0,58,134,0.433,8,38,0.211,28,35,0.8,23,35,58,34,17,5,26,26,152,4.1,0.9,13.0,Jordan Miller
1631159,2024-25,00,1610612750,MIN,21.0,13,0,32.0,6,15,0.4,0,5,0.0,8,8,1.0,3,8,11,0,2,1,2,2,20,1.5,0.0,24.3,Leonard Miller
201988,2024-25,00,1610612746,LAC,36.0,29,0,321.0,36,96,0.375,26,75,0.347,13,14,0.929,4,18,22,26,13,3,17,24,111,3.8,0.9,10.9,Patty Mills
1629003,2024-25,00,1610612747,LAL,28.0,57,2,836.0,115,254,0.453,38,106,0.358,47,59,0.797,31,73,104,102,25,4,40,67,315,5.5,1.8,14.8,Shake Milton
1631303,2024-25,00,1610612757,POR,26.0,19,0,101.0,8,21,0.381,2,10,0.2,0,2,0.0,5,5,10,7,6,1,5,12,18,0.9,0.4,6.3,Justin Minaya
1642434,2024-25,00,1610612759,SAS,24.0,1,0,7.0,0,1,0.0,0,1,0.0,0,0,0.0,0,2,2,0,0,0,0,0,0,0.0,0.0,-1.4,Riley Minix
1631169,2024-25,00,1610612750,MIN,22.0,46,0,276.0,44,90,0.489,14,43,0.326,17,19,0.895,12,35,47,18,15,12,11,34,119,2.6,0.4,18.7,Josh Minott
1642274,2024-25,00,1610612740,NOP,20.0,73,67,1956.0,269,492,0.547,0,1,0.0,127,204,0.623,255,346,601,99,37,98,82,145,665,9.1,1.4,18.5,Yves Missi
1642349,2024-25,00,1610612760,OKC,22.0,36,1,597.0,91,184,0.495,23,60,0.383,29,35,0.829,18,50,68,64,25,4,29,68,234,6.5,1.8,15.1,Ajay Mitchell
1630558,2024-25,00,1610612748,MIA,26.0,74,37,2027.0,223,476,0.468,84,211,0.398,58,84,0.69,35,132,167,363,72,16,128,185,588,7.9,4.9,12.9,Davion Mitchell
1628378,2024-25,00,1610612739,CLE,28.0,71,71,2232.0,585,1320,0.443,233,633,0.368,298,362,0.823,57,265,322,354,95,17,149,140,1701,24.0,5.0,26.9,Donovan Mitchell
1630596,2024-25,00,1610612739,CLE,23.0,71,71,2167.0,505,906,0.557,85,230,0.37,221,305,0.725,164,495,659,226,61,113,145,141,1316,18.5,3.2,27.6,Evan Mobley
1642367,2024-25,00,1610612761,TOR,23.0,63,18,1286.0,156,356,0.438,17,70,0.243,60,82,0.732,109,202,311,146,55,34,70,136,389,6.2,2.3,15.0,Jonathan Mogbo
1628370,2024-25,00,1610612758,SAC,27.0,65,45,2054.0,412,939,0.439,139,428,0.325,154,178,0.865,30,215,245,362,61,38,159,158,1117,17.2,5.6,19.0,Malik Monk
1630541,2024-25,00,1610612744,GSW,22.0,74,34,1649.0,246,568,0.433,126,337,0.374,106,133,0.797,52,137,189,96,59,31,54,116,724,9.8,1.3,16.0,Moses Moody
1631386,2024-25,00,1610612757,POR,26.0,2,0,20.0,2,10,0.2,1,4,0.25,1,2,0.5,4,4,8,1,2,0,2,0,6,3.0,0.5,9.4,Tazé Moore
1631111,2024-25,00,1610612766,CHA,23.0,36,1,499.0,59,126,0.468,14,41,0.341,18,22,0.818,30,65,95,42,20,5,27,31,150,4.2,1.2,13.6,Wendell Moore Jr.
1629630,2024-25,00,1610612763,MEM,25.0,50,50,1519.0,404,889,0.454,88,285,0.309,263,319,0.824,34,171,205,364,61,12,185,113,1159,23.2,7.3,26.2,Ja Morant
202693,2024-25,00,1610612747,LAL,35.0,15,2,164.0,21,70,0.3,9,36,0.25,5,6,0.833,3,20,23,21,2,3,5,16,56,3.7,1.4,8.4,Markieff Morris
1628420,2024-25,00,1610612756,PHX,29.0,45,0,571.0,83,195,0.426,31,86,0.36,36,42,0.857,12,55,67,73,20,3,21,23,233,5.2,1.6,16.4,Monté Morris
1630530,2024-25,00,1610612740,NOP,24.0,53,51,1854.0,381,839,0.454,158,438,0.361,204,230,0.887,47,221,268,188,56,39,103,112,1124,21.2,3.5,21.9,Trey Murphy III
1627749,2024-25,00,1610612740,NOP,28.0,31,31,1012.0,194,494,0.393,52,174,0.299,102,124,0.823,17,183,200,228,63,12,106,61,542,17.5,7.4,20.1,Dejounte Murray
1627750,2024-25,00,1610612743,DEN,28.0,67,67,2418.0,531,1121,0.474,156,397,0.393,218,246,0.886,45,216,261,403,91,33,138,128,1436,21.4,6.0,23.0,Jamal Murray
1631099,2024-25,00,1610612758,SAC,24.0,76,76,2610.0,364,820,0.444,154,449,0.343,60,72,0.833,146,361,507,109,61,69,60,186,942,12.4,1.4,14.7,Keegan Murray
1631200,2024-25,00,1610612757,POR,24.0,69,6,1040.0,117,279,0.419,27,120,0.225,26,57,0.456,76,106,182,68,35,17,43,66,287,4.2,1.0,11.2,Kris Murray
1629004,2024-25,00,1610612762,UTA,27.0,38,13,760.0,118,302,0.391,70,203,0.345,28,35,0.8,22,68,90,76,19,7,52,43,334,8.8,2.0,13.1,Svi Mykhailiuk
1631250,2024-25,00,1610612749,MIL,25.0,13,1,138.0,14,32,0.438,9,24,0.375,1,2,0.5,5,16,21,10,2,2,4,17,38,2.9,0.8,10.5,Pete Nance
1626204,2024-25,00,1610612737,ATL,32.0,24,3,463.0,80,155,0.516,34,76,0.447,9,13,0.692,23,80,103,38,20,13,16,37,203,8.5,1.6,20.6,Larry Nance Jr.
1629614,2024-25,00,1610612754,IND,25.0,65,65,1881.0,247,539,0.458,51,175,0.291,108,136,0.794,34,182,216,326,79,11,112,149,653,10.0,5.0,15.1,Andrew Nembhard
1630174,2024-25,00,1610612754,IND,25.0,45,37,1122.0,192,379,0.507,84,195,0.431,73,80,0.912,37,141,178,54,35,17,37,114,541,12.0,1.2,18.5,Aaron Nesmith
1641803,2024-25,00,1610612750,MIN,23.0,8,0,16.0,1,8,0.125,0,3,0.0,1,1,1.0,2,2,4,2,1,0,2,4,3,0.4,0.2,-5.4,Tristen Newton
1627777,2024-25,00,1610612737,ATL,31.0,79,3,1697.0,286,620,0.461,166,409,0.406,46,58,0.793,47,225,272,111,28,14,82,201,784,9.9,1.4,14.8,Georges Niang
1630227,2024-25,00,1610612750,MIN,23.0,3,0,13.0,0,1,0.0,0,1,0.0,1,2,0.5,0,4,4,3,0,0,4,1,1,0.3,1.0,-6.3,Daishen Nix
1630192,2024-25,00,1610612743,DEN,24.0,57,4,608.0,70,141,0.496,17,52,0.327,27,44,0.614,33,57,90,23,25,38,14,62,184,3.2,0.4,14.8,Zeke Nnaji
1641936,2024-25,00,1610612738,BOS,25.0,3,0,35.0,2,9,0.222,2,7,0.286,1,2,0.5,2,7,9,0,2,1,0,0,7,2.3,0.0,10.2,Miles Norris
1629669,2024-25,00,1610612740,NOP,25.0,8,0,168.0,26,73,0.356,8,27,0.296,7,11,0.636,6,14,20,18,1,4,8,9,67,8.4,2.2,10.4,Jaylen Nowell
203994,2024-25,00,1610612766,CHA,30.0,51,32,1063.0,168,352,0.477,32,105,0.305,85,128,0.664,85,313,398,115,40,34,97,130,453,8.9,2.3,18.8,Jusuf Nurkić
1626220,2024-25,00,1610612756,PHX,31.0,75,22,1837.0,241,570,0.423,179,441,0.406,19,26,0.731,53,296,349,163,67,34,65,151,680,9.1,2.2,15.7,Royce O'Neale
1626143,2024-25,00,1610612754,IND,29.0,1,0,3.0,0,0,0.0,0,0,0.0,0,0,0.0,0,1,1,1,0,0,0,0,0,0.0,1.0,16.5,Jahlil Okafor
1629643,2024-25,00,1610612739,CLE,26.0,9,3,197.0,20,40,0.5,11,28,0.393,2,3,0.667,21,26,47,15,5,4,3,5,53,5.9,1.7,17.7,Chuma Okeke
1629006,2024-25,00,1610612766,CHA,26.0,40,7,625.0,94,212,0.443,32,92,0.348,63,85,0.741,45,68,113,33,48,18,31,47,283,7.1,0.8,19.7,Josh Okogie
1630168,2024-25,00,1610612737,ATL,24.0,74,40,2064.0,388,684,0.567,48,148,0.324,164,216,0.759,220,440,660,168,69,68,90,193,988,13.4,2.3,24.2,Onyeka Okongwu
1630171,2024-25,00,1610612739,CLE,24.0,55,22,1053.0,124,267,0.464,56,151,0.371,33,46,0.717,49,81,130,68,32,16,23,104,337,6.1,1.2,13.3,Isaac Okoro
1642439,2024-25,00,1610612747,LAL,24.0,2,0,10.0,1,5,0.2,1,5,0.2,0,0,0.0,0,0,0,1,0,0,1,0,3,1.5,0.5,-3.8,Quincy Olivari
203482,2024-25,00,1610612740,NOP,34.0,44,22,891.0,134,268,0.5,33,79,0.418,83,108,0.769,62,144,206,128,33,19,76,123,384,8.7,2.9,18.7,Kelly Olynyk
1626162,2024-25,00,1610612755,PHI,29.0,60,57,2078.0,348,741,0.47,71,242,0.293,139,185,0.751,97,271,368,108,92,30,80,180,906,15.1,1.8,16.4,Kelly Oubre Jr.
101108,2024-25,00,1610612759,SAS,39.0,82,82,2292.0,249,583,0.427,140,371,0.377,85,92,0.924,33,263,296,605,103,22,129,151,723,8.8,7.4,18.5,Chris Paul
1626166,2024-25,00,1610612752,NYK,30.0,72,5,1090.0,179,446,0.401,93,256,0.363,49,54,0.907,14,90,104,203,39,16,52,111,500,6.9,2.8,17.3,Cameron Payne
203901,2024-25,00,1610612740,NOP,31.0,24,9,511.0,40,122,0.328,1,6,0.167,4,7,0.571,15,64,79,166,24,11,59,36,85,3.5,6.9,11.0,Elfrid Payton
1627780,2024-25,00,1610612744,GSW,32.0,62,11,927.0,171,298,0.574,31,95,0.326,27,38,0.711,53,132,185,83,52,17,39,108,400,6.5,1.3,20.2,Gary Payton II
1641809,2024-25,00,1610612738,BOS,25.0,25,1,186.0,17,41,0.415,13,33,0.394,7,9,0.778,9,31,40,13,5,2,8,18,54,2.2,0.5,12.6,Drew Peterson
1641763,2024-25,00,1610612741,CHI,21.0,79,5,1123.0,128,287,0.446,50,153,0.327,60,76,0.789,67,102,169,39,38,20,27,108,366,4.6,0.5,13.2,Julian Phillips
1629618,2024-25,00,1610612743,DEN,25.0,49,4,666.0,77,180,0.428,40,101,0.396,6,8,0.75,15,56,71,107,19,5,24,38,200,4.1,2.2,13.9,Jalen Pickett
1630590,2024-25,00,1610612763,MEM,24.0,79,21,1683.0,285,594,0.48,87,219,0.397,122,171,0.713,65,194,259,347,103,30,138,203,779,9.9,4.4,20.7,Scotty Pippen Jr.
1631342,2024-25,00,1610612737,ATL,26.0,6,0,72.0,16,25,0.64,9,17,0.529,2,2,1.0,4,7,11,2,0,0,4,10,43,7.2,0.3,21.2,Daeqwon Plowden
203486,2024-25,00,1610612756,PHX,35.0,74,21,1300.0,125,202,0.619,0,4,0.0,83,128,0.648,116,339,455,134,33,47,59,154,333,4.5,1.8,17.4,Mason Plumlee
1641764,2024-25,00,1610612744,GSW,22.0,64,33,1716.0,280,629,0.445,115,309,0.372,72,95,0.758,65,260,325,220,69,13,75,95,747,11.7,3.4,18.5,Brandin Podziemski
1627751,2024-25,00,1610612761,TOR,29.0,57,56,1686.0,363,579,0.627,1,3,0.333,97,144,0.674,189,358,547,158,66,71,111,176,824,14.5,2.8,24.8,Jakob Poeltl
1629673,2024-25,00,1610612764,WAS,25.0,68,68,2001.0,457,1057,0.432,235,622,0.378,242,274,0.883,31,172,203,303,86,27,204,201,1391,20.5,4.5,22.0,Jordan Poole
1641854,2024-25,00,1610612739,CLE,25.0,51,1,513.0,72,140,0.514,21,48,0.438,23,32,0.719,19,48,67,71,17,15,38,25,188,3.7,1.4,16.5,Craig Porter Jr.
1629645,2024-25,00,1610612749,MIL,24.0,75,4,1482.0,293,652,0.449,55,177,0.311,130,169,0.769,42,236,278,256,81,13,136,119,771,10.3,3.4,19.4,Kevin Porter Jr.
1629008,2024-25,00,1610612743,DEN,26.0,77,77,2593.0,528,1048,0.504,193,489,0.395,149,194,0.768,138,402,540,165,50,38,104,157,1398,18.2,2.1,20.8,Michael Porter Jr.
1626171,2024-25,00,1610612749,MIL,30.0,49,7,1244.0,277,595,0.466,65,178,0.365,61,73,0.836,90,321,411,104,35,26,57,94,680,13.9,2.1,22.0,Bobby Portis
204001,2024-25,00,1610612738,BOS,29.0,42,42,1210.0,277,574,0.483,103,250,0.412,161,199,0.809,68,216,284,87,31,63,53,116,818,19.5,2.1,26.8,Kristaps Porziņģis
1642366,2024-25,00,1610612744,GSW,25.0,42,14,686.0,123,274,0.449,73,179,0.408,21,27,0.778,35,113,148,56,16,18,33,83,340,8.1,1.3,18.4,Quinten Post
1630695,2024-25,00,1610612762,UTA,27.0,38,10,705.0,57,135,0.422,31,98,0.316,17,20,0.85,43,121,164,31,14,14,31,50,162,4.3,0.8,10.6,Micah Potter
203939,2024-25,00,1610612742,DAL,33.0,55,3,551.0,42,61,0.689,2,5,0.4,28,43,0.651,47,71,118,55,18,21,18,75,114,2.1,1.0,15.1,Dwight Powell
1626181,2024-25,00,1610612746,LAC,31.0,60,60,1958.0,457,945,0.484,179,428,0.418,213,265,0.804,21,169,190,125,73,9,108,114,1306,21.8,2.1,21.7,Norman Powell
1627752,2024-25,00,1610612749,MIL,31.0,80,73,2166.0,235,514,0.457,147,335,0.439,39,48,0.813,34,253,287,155,76,15,82,165,656,8.2,1.9,12.2,Taurean Prince
1630202,2024-25,00,1610612738,BOS,27.0,80,3,2271.0,409,866,0.472,255,626,0.407,71,84,0.845,102,205,307,279,70,14,83,118,1144,14.3,3.5,21.1,Payton Pritchard
1641765,2024-25,00,1610612742,DAL,22.0,52,4,584.0,70,174,0.402,12,51,0.235,49,76,0.645,44,82,126,40,26,6,14,28,201,3.9,0.8,15.5,Olivier-Maxence Prosper
1642389,2024-25,00,1610612763,MEM,24.0,3,0,3.0,0,1,0.0,0,0,0.0,0,0,0.0,0,0,0,0,0,0,0,0,0,0.0,0.0,-13.1,Zyon Pullin
1630243,2024-25,00,1610612753,ORL,28.0,31,2,430.0,56,147,0.381,22,77,0.286,18,21,0.857,26,28,54,38,31,10,22,38,152,4.9,1.2,14.3,Trevelin Queen
1629674,2024-25,00,1610612738,BOS,25.0,62,6,863.0,132,203,0.65,0,3,0.0,46,61,0.754,89,147,236,45,18,42,40,106,310,5.0,0.7,18.8,Neemias Queta
1630193,2024-25,00,1610612761,TOR,25.0,33,33,918.0,184,438,0.42,85,225,0.378,111,128,0.867,16,101,117,191,23,4,58,61,564,17.1,5.8,23.0,Immanuel Quickley
1631311,2024-25,00,1610612740,NOP,24.0,13,0,183.0,31,78,0.397,13,44,0.295,11,13,0.846,4,15,19,24,3,2,14,18,86,6.6,1.8,12.9,Lester Quinones
203944,2024-25,00,1610612750,MIN,30.0,69,69,2226.0,455,939,0.485,108,314,0.344,270,335,0.806,144,343,487,323,47,16,196,175,1288,18.7,4.7,21.8,Julius Randle
1641871,2024-25,00,1610612757,POR,28.0,46,0,469.0,70,166,0.422,34,106,0.321,20,22,0.909,44,48,92,26,12,14,16,41,194,4.2,0.6,16.8,Duop Reath
1630559,2024-25,00,1610612747,LAL,26.0,73,73,2550.0,477,1037,0.46,200,531,0.377,321,366,0.877,61,268,329,421,81,22,177,151,1475,20.2,5.8,22.6,Austin Reaves
1629629,2024-25,00,1610612747,LAL,25.0,33,8,589.0,38,94,0.404,13,47,0.277,16,26,0.615,17,49,66,22,33,10,12,43,105,3.2,0.7,8.9,Cam Reddish
1630194,2024-25,00,1610612765,DET,25.0,45,0,438.0,72,142,0.507,8,28,0.286,32,42,0.762,40,83,123,44,39,25,26,75,184,4.1,1.0,22.5,Paul Reed
1642024,2024-25,00,1610612755,PHI,25.0,15,0,216.0,26,54,0.481,15,41,0.366,9,12,0.75,9,38,47,4,10,10,6,21,76,5.1,0.3,16.5,Alex Reese
1641810,2024-25,00,1610612740,NOP,22.0,44,6,660.0,113,248,0.456,51,129,0.395,28,35,0.8,18,45,63,39,21,4,30,40,305,6.9,0.9,15.0,Antonio Reeves
1629675,2024-25,00,1610612750,MIN,25.0,80,17,2200.0,426,923,0.462,175,462,0.379,111,143,0.776,92,388,480,181,58,72,108,189,1138,14.2,2.3,19.6,Naz Reid
1631197,2024-25,00,1610612761,TOR,25.0,14,2,226.0,42,87,0.483,12,39,0.308,22,25,0.88,14,28,42,16,10,2,9,20,118,8.4,1.1,21.0,Jared Rhoden
1630208,2024-25,00,1610612756,PHX,27.0,57,43,1256.0,205,347,0.591,0,2,0.0,119,160,0.744,148,318,466,49,14,55,81,141,529,9.3,0.9,20.0,Nick Richards
1626196,2024-25,00,1610612748,MIA,31.0,8,0,149.0,11,38,0.289,6,22,0.273,4,4,1.0,6,6,12,12,8,1,8,17,32,4.0,1.5,5.8,Josh Richardson
1642258,2024-25,00,1610612737,ATL,20.0,75,73,1843.0,357,779,0.458,122,344,0.355,106,149,0.711,86,182,268,92,52,37,92,149,942,12.6,1.2,16.6,Zaccharie Risacher
1641857,2024-25,00,1610612749,MIL,25.0,13,0,57.0,2,8,0.25,0,2,0.0,5,10,0.5,7,5,12,2,2,2,6,9,9,0.7,0.2,3.4,Liam Robbins
1629130,2024-25,00,1610612748,MIA,31.0,74,37,1786.0,290,663,0.437,190,483,0.393,47,53,0.887,18,149,167,176,40,6,86,135,817,11.0,2.4,14.9,Duncan Robinson
1629011,2024-25,00,1610612752,NYK,27.0,17,3,290.0,37,56,0.661,0,0,0.0,13,19,0.684,52,49,101,13,16,18,10,26,87,5.1,0.8,23.2,Mitchell Robinson
1631115,2024-25,00,1610612761,TOR,24.0,44,8,770.0,116,261,0.444,17,52,0.327,54,70,0.771,89,131,220,77,17,16,49,100,303,6.9,1.8,16.4,Orlando Robinson
1630526,2024-25,00,1610612740,NOP,24.0,66,9,1239.0,158,347,0.455,56,164,0.341,46,55,0.836,110,205,315,88,39,7,51,79,418,6.3,1.3,15.9,Jeremiah Robinson-Earl
1631223,2024-25,00,1610612745,HOU,24.0,33,3,410.0,57,125,0.456,19,61,0.311,20,26,0.769,13,71,84,35,14,9,22,20,153,4.6,1.1,15.6,David Roddy
1631157,2024-25,00,1610612749,MIL,22.0,56,19,820.0,132,271,0.487,49,120,0.408,36,45,0.8,21,87,108,104,42,17,53,88,349,6.2,1.9,17.3,Ryan Rollins
1642050,2024-25,00,1610612744,GSW,28.0,6,0,52.0,8,17,0.471,3,10,0.3,3,6,0.5,3,8,11,4,4,0,1,4,22,3.7,0.7,19.9,Jackson Rowe
1626179,2024-25,00,1610612748,MIA,31.0,64,23,1658.0,248,635,0.391,91,308,0.295,92,108,0.852,44,194,238,167,37,14,78,73,679,10.6,2.6,13.4,Terry Rozier
1641712,2024-25,00,1610612757,POR,20.0,52,0,460.0,58,142,0.408,16,59,0.271,23,30,0.767,26,44,70,25,16,4,30,37,155,3.0,0.5,10.3,Rayan Rupert
1626156,2024-25,00,1610612751,BKN,29.0,58,36,1480.0,249,638,0.39,113,360,0.314,121,145,0.834,20,142,162,297,56,23,108,115,732,12.6,5.1,17.9,D'Angelo Russell
1630346,2024-25,00,1610612752,NYK,27.0,19,0,68.0,10,31,0.323,6,19,0.316,2,2,1.0,0,8,8,3,2,0,3,1,28,1.5,0.2,8.7,Matt Ryan
1627734,2024-25,00,1610612758,SAC,28.0,70,70,2429.0,527,893,0.59,65,156,0.417,218,289,0.754,267,705,972,423,48,26,202,229,1337,19.1,6.0,27.7,Domantas Sabonis
1642275,2024-25,00,1610612766,CHA,19.0,60,10,1244.0,114,345,0.33,58,205,0.283,67,94,0.713,70,210,280,74,29,14,58,84,353,5.9,1.2,9.9,Tidjane Salaün
1641766,2024-25,00,1610612741,CHI,23.0,4,0,22.0,4,7,0.571,0,0,0.0,0,0,0.0,5,1,6,1,0,0,1,1,8,2.0,0.2,18.2,Adama Sanogo
1630611,2024-25,00,1610612744,GSW,22.0,56,2,762.0,82,179,0.458,34,103,0.33,29,42,0.69,72,100,172,80,25,10,42,91,227,4.1,1.4,14.5,Gui Santos
1642259,2024-25,00,1610612764,WAS,19.0,67,67,1814.0,326,828,0.394,105,341,0.308,112,165,0.679,124,311,435,161,44,101,114,146,869,13.0,2.4,16.9,Alex Sarr
1631204,2024-25,00,1610612765,DET,24.0,57,1,811.0,137,296,0.463,58,152,0.382,43,51,0.843,18,51,69,133,37,4,54,72,375,6.6,2.3,17.8,Marcus Sasser
1631248,2024-25,00,1610612738,BOS,24.0,31,2,384.0,39,110,0.355,26,82,0.317,9,12,0.75,19,46,65,33,17,2,12,22,113,3.6,1.1,12.5,Baylor Scheierman
203471,2024-25,00,1610612765,DET,31.0,75,49,2105.0,336,827,0.406,127,371,0.342,181,216,0.838,27,171,198,404,66,12,142,180,980,13.1,5.4,16.5,Dennis Schröder
1630578,2024-25,00,1610612745,HOU,22.0,76,76,2395.0,567,1143,0.496,21,90,0.233,296,428,0.692,262,524,786,372,84,61,194,209,1451,19.1,4.9,26.0,Alperen Sengun
1641729,2024-25,00,1610612762,UTA,21.0,71,15,1432.0,275,599,0.459,157,372,0.422,65,73,0.89,42,168,210,110,46,8,107,111,772,10.9,1.5,17.5,Brice Sensabaugh
1629012,2024-25,00,1610612762,UTA,26.0,63,61,1758.0,416,867,0.48,110,271,0.406,217,251,0.865,60,111,171,264,47,6,160,144,1159,18.4,4.2,21.6,Collin Sexton
1629013,2024-25,00,1610612752,NYK,28.0,50,0,762.0,106,230,0.461,62,156,0.397,12,18,0.667,11,50,61,27,23,2,22,52,286,5.7,0.5,12.1,Landry Shamet
1630545,2024-25,00,1610612750,MIN,24.0,32,1,339.0,55,114,0.482,11,31,0.355,17,21,0.81,10,37,47,32,7,5,15,27,138,4.3,1.0,14.9,Terrence Shannon Jr.
1630549,2024-25,00,1610612751,BKN,23.0,50,2,907.0,165,317,0.521,11,45,0.244,56,74,0.757,149,181,330,91,41,42,63,113,397,7.9,1.8,23.4,Day'Ron Sharpe
1631101,2024-25,00,1610612757,POR,21.0,72,52,2252.0,499,1104,0.452,147,472,0.311,190,242,0.785,68,256,324,198,62,16,150,120,1335,18.5,2.8,18.5,Shaedon Sharpe
1642347,2024-25,00,1610612761,TOR,22.0,75,11,1467.0,204,504,0.405,72,223,0.323,53,69,0.768,30,85,115,316,58,10,117,158,533,7.1,4.2,13.3,Jamal Shead
1641767,2024-25,00,1610612754,IND,23.0,63,9,1230.0,120,287,0.418,68,199,0.342,24,27,0.889,44,133,177,85,38,14,22,125,332,5.3,1.3,11.6,Ben Sheppard
1642263,2024-25,00,1610612745,HOU,20.0,52,3,654.0,84,239,0.351,48,142,0.338,13,16,0.813,16,62,78,75,35,17,37,53,229,4.4,1.4,12.2,Reed Sheppard
1627783,2024-25,00,1610612754,IND,31.0,78,78,2548.0,613,1182,0.519,126,324,0.389,226,308,0.734,133,407,540,263,70,42,109,189,1578,20.2,3.4,24.5,Pascal Siakam
1627732,2024-25,00,1610612746,LAC,28.0,51,24,1120.0,116,223,0.52,0,0,0.0,24,33,0.727,47,194,241,285,38,23,102,107,256,5.0,5.6,15.1,Ben Simmons
1629014,2024-25,00,1610612757,POR,25.0,70,70,2292.0,479,1125,0.426,215,593,0.363,175,194,0.902,25,164,189,337,60,5,143,117,1348,19.3,4.8,19.0,Anfernee Simons
1642354,2024-25,00,1610612766,CHA,22.0,36,15,842.0,104,301,0.346,33,130,0.254,41,50,0.82,39,70,109,112,34,6,56,56,282,7.8,3.1,10.9,KJ Simpson
1630579,2024-25,00,1610612749,MIL,26.0,53,5,631.0,45,71,0.634,0,0,0.0,8,13,0.615,71,126,197,33,10,19,33,65,98,1.8,0.6,11.6,Jericho Sims
203935,2024-25,00,1610612764,WAS,31.0,34,7,680.0,101,257,0.393,49,141,0.348,54,71,0.761,18,54,72,109,39,9,54,53,305,9.0,3.2,16.5,Marcus Smart
1630696,2024-25,00,1610612748,MIA,27.0,14,1,268.0,31,61,0.508,16,30,0.533,9,12,0.75,12,24,36,23,21,6,17,30,87,6.2,1.6,15.8,Dru Smith
1630188,2024-25,00,1610612741,CHI,25.0,64,2,962.0,190,408,0.466,72,222,0.324,72,89,0.809,89,268,357,65,17,44,37,95,524,8.2,1.0,24.2,Jalen Smith
1642449,2024-25,00,1610612765,DET,24.0,1,0,22.0,6,9,0.667,0,0,0.0,2,3,0.667,4,4,8,0,0,0,2,3,14,14.0,0.0,24.0,Tolu Smith
1641890,2024-25,00,1610612749,MIL,20.0,23,0,122.0,24,50,0.48,13,30,0.433,6,8,0.75,6,19,25,4,3,4,8,11,67,2.9,0.2,18.9,Tyler Smith
1631095,2024-25,00,1610612745,HOU,21.0,57,39,1716.0,248,566,0.438,98,277,0.354,104,126,0.825,105,294,399,60,25,41,61,123,698,12.2,1.1,15.4,Jabari Smith Jr.
1641733,2024-25,00,1610612766,CHA,21.0,60,27,1369.0,222,568,0.391,104,306,0.34,43,46,0.935,13,115,128,145,17,6,82,79,591,9.8,2.4,11.3,Nick Smith Jr.
1631110,2024-25,00,1610612759,SAS,21.0,54,23,1364.0,251,469,0.535,28,91,0.308,87,125,0.696,127,225,352,128,45,27,84,131,617,11.4,2.4,20.0,Jeremy Sochan
1642285,2024-25,00,1610612763,MEM,25.0,25,1,252.0,34,82,0.415,19,52,0.365,19,19,1.0,12,18,30,34,9,1,6,23,106,4.2,1.4,18.4,Cam Spencer
1630311,2024-25,00,1610612744,GSW,28.0,39,0,250.0,41,101,0.406,5,22,0.227,11,15,0.733,15,31,46,48,14,3,18,20,98,2.5,1.2,16.5,Pat Spencer
1630531,2024-25,00,1610612762,UTA,22.0,43,2,365.0,35,90,0.389,12,48,0.25,27,38,0.711,17,41,58,33,24,4,16,42,109,2.5,0.8,13.1,Jaden Springer
1641815,2024-25,00,1610612748,MIA,24.0,3,0,6.0,0,2,0.0,0,1,0.0,0,0,0.0,0,2,2,0,1,0,0,0,0,0.0,0.0,0.8,Isaiah Stevens
1630205,2024-25,00,1610612763,MEM,27.0,17,1,156.0,29,63,0.46,8,27,0.296,8,11,0.727,4,34,38,8,5,3,10,15,74,4.4,0.5,15.5,Lamar Stevens
1630191,2024-25,00,1610612765,DET,23.0,72,4,1434.0,176,315,0.559,17,53,0.321,66,87,0.759,130,269,399,123,28,101,68,183,435,6.0,1.7,17.6,Isaiah Stewart
1631124,2024-25,00,1610612743,DEN,23.0,65,4,1384.0,210,486,0.432,94,269,0.349,74,90,0.822,17,125,142,83,39,16,57,151,588,9.0,1.3,12.8,Julian Strawther
1629622,2024-25,00,1610612739,CLE,29.0,50,37,1273.0,165,373,0.442,113,293,0.386,28,34,0.824,53,164,217,158,26,12,54,104,471,9.4,3.2,15.9,Max Strus
1630591,2024-25,00,1610612753,ORL,23.0,35,35,1002.0,197,481,0.41,76,242,0.314,97,110,0.882,23,118,141,129,51,33,102,98,567,16.2,3.7,17.9,Jalen Suggs
1631306,2024-25,00,1610612761,TOR,25.0,10,0,170.0,22,63,0.349,15,47,0.319,0,1,0.0,5,22,27,3,4,2,4,12,59,5.9,0.3,9.0,Cole Swider
1630256,2024-25,00,1610612745,HOU,29.0,52,2,588.0,70,148,0.473,16,46,0.348,32,47,0.681,50,67,117,47,26,7,22,82,188,3.6,0.9,14.7,Jae'Sean Tate
1628369,2024-25,00,1610612738,BOS,27.0,72,72,2624.0,662,1465,0.452,250,728,0.343,358,440,0.814,48,575,623,431,76,38,209,157,1932,26.8,6.0,26.8,Jayson Tatum
1630678,2024-25,00,1610612758,SAC,25.0,3,0,6.0,0,1,0.0,0,0,0.0,0,0,0.0,1,0,1,2,0,0,0,0,0,0.0,0.7,11.6,Terry Taylor
202066,2024-25,00,1610612761,TOR,38.0,28,0,227.0,18,60,0.3,6,28,0.214,11,12,0.917,9,20,29,31,17,2,10,23,53,1.9,1.1,11.0,Garrett Temple
1631207,2024-25,00,1610612741,CHI,22.0,73,5,987.0,120,268,0.448,37,104,0.356,49,69,0.71,38,86,124,97,44,15,53,114,326,4.5,1.3,12.7,Dalen Terry
1628464,2024-25,00,1610612740,NOP,32.0,38,9,621.0,61,129,0.473,9,37,0.243,31,37,0.838,44,120,164,60,18,20,25,70,162,4.3,1.6,14.7,Daniel Theis
1630560,2024-25,00,1610612751,BKN,23.0,25,23,781.0,199,454,0.438,68,195,0.349,133,151,0.881,15,68,83,94,15,2,62,44,599,24.0,3.8,23.2,Cam Thomas
1641708,2024-25,00,1610612745,HOU,22.0,69,42,2225.0,388,697,0.557,25,91,0.275,169,247,0.684,192,372,564,265,97,89,138,167,970,14.1,3.8,22.2,Amen Thompson
1641709,2024-25,00,1610612765,DET,22.0,59,48,1328.0,246,460,0.535,11,49,0.224,91,142,0.641,111,192,303,134,98,40,80,164,594,10.1,2.3,21.2,Ausar Thompson
202691,2024-25,00,1610612742,DAL,35.0,72,72,1965.0,361,877,0.412,216,553,0.391,67,74,0.905,44,202,246,145,50,30,88,81,1005,14.0,2.0,16.5,Klay Thompson
202684,2024-25,00,1610612739,CLE,34.0,40,0,328.0,31,71,0.437,0,3,0.0,7,30,0.233,32,102,134,24,2,11,14,36,69,1.7,0.6,11.3,Tristan Thompson
1630550,2024-25,00,1610612764,WAS,22.0,20,0,249.0,25,59,0.424,6,21,0.286,15,22,0.682,20,28,48,6,8,9,9,17,71,3.6,0.3,12.4,JT Thor
1629680,2024-25,00,1610612757,POR,28.0,15,5,312.0,42,88,0.477,21,48,0.438,7,15,0.467,14,38,52,28,33,9,13,14,112,7.5,1.9,20.3,Matisse Thybulle
1630214,2024-25,00,1610612738,BOS,26.0,33,2,231.0,13,53,0.245,5,32,0.156,3,4,0.75,10,33,43,7,11,5,14,18,34,1.0,0.2,3.3,Xavier Tillman
1631166,2024-25,00,1610612751,BKN,24.0,9,2,254.0,45,102,0.441,9,35,0.257,10,16,0.625,17,48,65,20,4,1,15,21,109,12.1,2.2,14.2,Drew Timme
1641772,2024-25,00,1610612739,CLE,24.0,5,1,63.0,13,32,0.406,2,10,0.2,8,11,0.727,9,12,21,2,0,1,2,9,36,7.2,0.4,18.5,Nae'Qwan Tomlin
1631210,2024-25,00,1610612737,ATL,24.0,17,0,75.0,9,22,0.409,5,10,0.5,0,0,0.0,3,12,15,6,2,0,3,3,23,1.4,0.4,12.3,Jacob Toppin
1630167,2024-25,00,1610612754,IND,27.0,79,4,1545.0,317,599,0.529,110,301,0.365,89,114,0.781,56,262,318,128,46,28,68,108,833,10.5,1.6,22.1,Obi Toppin
1626157,2024-25,00,1610612752,NYK,29.0,72,72,2517.0,639,1215,0.526,142,338,0.42,339,409,0.829,212,708,920,222,71,50,192,249,1759,24.4,3.1,28.5,Karl-Anthony Towns
1642422,2024-25,00,1610612747,LAL,22.0,9,0,67.0,6,19,0.316,0,7,0.0,2,7,0.286,2,13,15,1,4,2,3,6,14,1.6,0.1,5.0,Armel Traoré
1631247,2024-25,00,1610612739,CLE,23.0,12,0,88.0,5,20,0.25,0,9,0.0,2,2,1.0,8,12,20,8,1,1,8,6,12,1.0,0.7,3.0,Luke Travers
1629018,2024-25,00,1610612749,MIL,26.0,74,9,1893.0,283,657,0.431,180,433,0.416,78,92,0.848,20,148,168,87,72,4,42,124,824,11.1,1.2,14.8,Gary Trent Jr.
1631131,2024-25,00,1610612762,UTA,25.0,14,1,255.0,42,70,0.6,0,0,0.0,23,31,0.742,46,76,122,9,13,1,10,24,107,7.6,0.6,25.3,Oscar Tshiebwe
200782,2024-25,00,1610612752,NYK,40.0,3,1,58.0,3,7,0.429,3,6,0.5,0,0,0.0,4,4,8,0,1,1,1,8,9,3.0,0.0,6.4,P.J. Tucker
1626167,2024-25,00,1610612754,IND,29.0,72,72,2174.0,390,811,0.481,156,394,0.396,184,238,0.773,90,381,471,111,54,144,123,183,1120,15.6,1.5,20.4,Myles Turner
1641816,2024-25,00,1610612743,DEN,24.0,51,2,400.0,45,120,0.375,23,74,0.311,21,28,0.75,25,53,78,20,10,6,14,44,134,2.6,0.4,11.7,Hunter Tyson
1642281,2024-25,00,1610612739,CLE,22.0,47,3,453.0,64,149,0.43,20,58,0.345,19,24,0.792,37,59,96,44,13,3,26,50,167,3.6,0.9,14.1,Jaylon Tyson
1630649,2024-25,00,1610612749,MIL,26.0,22,0,86.0,5,26,0.192,3,15,0.2,2,4,0.5,4,13,17,4,3,6,3,8,15,0.7,0.2,4.6,Stanley Umude
202685,2024-25,00,1610612758,SAC,32.0,81,21,1524.0,345,627,0.55,8,37,0.216,145,165,0.879,190,437,627,164,37,46,120,181,843,10.4,2.0,25.7,Jonas Valančiūnas
1627832,2024-25,00,1610612745,HOU,31.0,60,60,2111.0,287,759,0.378,159,461,0.345,111,137,0.81,32,189,221,333,94,25,87,140,844,14.1,5.6,15.9,Fred VanVleet
1629020,2024-25,00,1610612747,LAL,26.0,36,2,581.0,59,121,0.488,9,32,0.281,20,36,0.556,68,114,182,41,35,10,29,67,147,4.1,1.1,15.6,Jarred Vanderbilt
1630170,2024-25,00,1610612759,SAS,24.0,64,53,1983.0,394,889,0.443,158,429,0.368,95,120,0.792,34,221,255,183,84,33,88,108,1041,16.3,2.9,18.5,Devin Vassell
1629216,2024-25,00,1610612747,LAL,28.0,72,11,1527.0,168,420,0.4,109,309,0.353,15,21,0.714,20,72,92,98,51,13,41,152,460,6.4,1.4,9.5,Gabe Vincent
1641774,2024-25,00,1610612764,WAS,22.0,35,1,513.0,120,242,0.496,38,102,0.373,52,67,0.776,26,104,130,39,11,23,42,57,330,9.4,1.1,23.0,Tristan Vukcevic
202696,2024-25,00,1610612741,CHI,34.0,73,72,2278.0,550,1038,0.53,129,321,0.402,120,149,0.805,178,557,735,256,61,52,119,163,1349,18.5,3.5,26.3,Nikola Vučević
1629731,2024-25,00,1610612739,CLE,28.0,59,30,1253.0,112,271,0.413,80,222,0.36,16,30,0.533,51,198,249,76,42,20,22,101,320,5.4,1.3,12.5,Dean Wade
1630532,2024-25,00,1610612753,ORL,23.0,60,60,2023.0,537,1161,0.463,104,352,0.295,271,311,0.871,56,286,342,284,75,21,138,147,1449,24.2,4.7,24.8,Franz Wagner
1629021,2024-25,00,1610612753,ORL,27.0,30,1,564.0,140,249,0.562,27,75,0.36,79,110,0.718,40,108,148,42,24,12,49,55,386,12.9,1.4,26.6,Moritz Wagner
1631133,2024-25,00,1610612757,POR,22.0,60,1,749.0,118,229,0.515,28,72,0.389,49,71,0.69,59,152,211,37,33,6,34,87,313,5.2,0.6,18.2,Jabari Walker
1641716,2024-25,00,1610612754,IND,21.0,75,5,1187.0,170,360,0.472,75,185,0.405,46,69,0.667,25,204,229,110,54,25,78,115,461,6.1,1.5,15.4,Jarace Walker
1629022,2024-25,00,1610612755,PHI,26.0,20,7,477.0,89,212,0.42,45,127,0.354,24,30,0.8,6,57,63,50,10,5,25,27,247,12.4,2.5,16.5,Lonnie Walker IV
1641717,2024-25,00,1610612760,OKC,21.0,68,43,1876.0,232,489,0.474,74,208,0.356,30,37,0.811,71,158,229,173,120,35,59,145,568,8.4,2.5,15.0,Cason Wallace
1630811,2024-25,00,1610612737,ATL,26.0,31,5,501.0,65,162,0.401,27,82,0.329,11,11,1.0,7,43,50,81,28,9,33,39,168,5.4,2.6,13.6,Keaton Wallace
1641775,2024-25,00,1610612738,BOS,21.0,52,1,403.0,30,83,0.361,15,55,0.273,7,12,0.583,23,46,69,19,12,11,17,30,82,1.6,0.4,8.4,Jordan Walsh
1642266,2024-25,00,1610612761,TOR,20.0,52,18,1103.0,159,393,0.405,65,186,0.349,66,83,0.795,59,101,160,81,43,10,50,95,449,8.6,1.6,14.1,Ja'Kobe Walter
1642276,2024-25,00,1610612748,MIA,21.0,64,36,1422.0,257,464,0.554,35,111,0.315,46,67,0.687,116,357,473,60,39,71,57,111,595,9.3,0.9,20.6,Kel'el Ware
1629023,2024-25,00,1610612742,DAL,26.0,57,56,1835.0,301,665,0.453,91,239,0.381,143,198,0.722,82,360,442,131,63,60,118,131,836,14.7,2.3,17.5,P.J. Washington
1631102,2024-25,00,1610612756,PHX,23.0,16,0,118.0,14,45,0.311,4,21,0.19,3,6,0.5,4,9,13,16,3,0,3,4,35,2.2,1.0,8.9,TyTy Washington Jr.
1630322,2024-25,00,1610612765,DET,27.0,52,9,778.0,92,249,0.369,64,186,0.344,8,11,0.727,20,90,110,52,27,11,20,62,256,4.9,1.0,11.6,Lindy Waters III
1630570,2024-25,00,1610612751,BKN,24.0,44,6,913.0,164,350,0.469,29,88,0.33,93,122,0.762,37,123,160,115,27,12,83,95,450,10.2,2.6,16.6,Trendon Watford
1641817,2024-25,00,1610612752,NYK,24.0,9,0,22.0,4,9,0.444,0,1,0.0,0,0,0.0,1,2,3,2,1,0,2,3,8,0.9,0.2,8.2,Anton Watson
1631212,2024-25,00,1610612743,DEN,22.0,68,18,1656.0,204,428,0.477,48,136,0.353,95,137,0.693,47,186,233,94,48,93,56,123,551,8.1,1.4,14.4,Peyton Watson
1642377,2024-25,00,1610612763,MEM,21.0,79,74,2044.0,287,676,0.425,138,392,0.352,111,135,0.822,87,181,268,135,44,8,69,146,823,10.4,1.7,13.9,Jaylen Wells
1641705,2024-25,00,1610612759,SAS,21.0,46,46,1527.0,408,857,0.476,142,403,0.352,158,189,0.836,82,424,506,168,52,176,149,105,1116,24.3,3.7,30.6,Victor Wembanyama
1631104,2024-25,00,1610612759,SAS,22.0,58,0,683.0,81,186,0.435,17,58,0.293,38,61,0.623,17,44,61,114,37,6,54,46,217,3.7,2.0,12.9,Blake Wesley
201566,2024-25,00,1610612743,DEN,36.0,75,36,2092.0,373,831,0.449,94,291,0.323,154,233,0.661,102,268,370,457,106,37,242,188,994,13.3,6.1,18.8,Russell Westbrook
1630762,2024-25,00,1610612755,PHI,22.0,5,0,44.0,3,21,0.143,0,10,0.0,2,2,1.0,2,6,8,2,1,2,1,1,8,1.6,0.4,-1.3,Phillip Wheeler
1629632,2024-25,00,1610612741,CHI,25.0,74,73,2450.0,508,1121,0.453,216,584,0.37,277,307,0.902,25,248,273,330,69,16,177,154,1509,20.4,4.5,21.0,Coby White
1628401,2024-25,00,1610612738,BOS,30.0,76,76,2574.0,424,959,0.442,265,691,0.384,135,161,0.839,67,274,341,361,72,80,131,138,1248,16.4,4.8,20.1,Derrick White
1641727,2024-25,00,1610612751,BKN,20.0,20,0,246.0,39,96,0.406,33,74,0.446,3,5,0.6,4,25,29,12,6,1,15,22,114,5.7,0.6,12.4,Dariq Whitehead
1641715,2024-25,00,1610612745,HOU,20.0,51,3,827.0,179,403,0.444,65,183,0.355,54,72,0.75,36,115,151,49,31,13,46,44,477,9.4,1.0,19.2,Cam Whitmore
1630598,2024-25,00,1610612760,OKC,26.0,76,26,1744.0,355,728,0.488,130,339,0.383,74,89,0.831,81,214,295,134,60,18,69,101,914,12.0,1.8,20.2,Aaron Wiggins
203952,2024-25,00,1610612748,MIA,30.0,60,60,1842.0,376,839,0.448,130,348,0.374,196,257,0.763,89,180,269,158,60,50,99,101,1078,18.0,2.6,20.9,Andrew Wiggins
1631214,2024-25,00,1610612765,DET,25.0,1,0,4.0,2,2,1.0,1,1,1.0,0,0,0.0,0,0,0,1,0,0,0,0,5,5.0,1.0,64.6,Alondes Williams
1630314,2024-25,00,1610612742,DAL,25.0,33,3,487.0,98,188,0.521,24,60,0.4,55,66,0.833,12,46,58,76,24,5,39,33,275,8.3,2.3,22.8,Brandon Williams
1642262,2024-25,00,1610612762,UTA,20.0,50,21,1060.0,83,257,0.323,35,135,0.259,29,40,0.725,27,86,113,59,23,16,44,95,230,4.6,1.2,5.2,Cody Williams
1629684,2024-25,00,1610612766,CHA,26.0,16,7,479.0,54,123,0.439,27,74,0.365,31,37,0.838,18,64,82,37,18,13,28,46,166,10.4,2.3,14.1,Grant Williams
1631114,2024-25,00,1610612760,OKC,24.0,69,69,2237.0,565,1168,0.484,124,340,0.365,236,299,0.789,59,310,369,354,111,46,150,158,1490,21.6,5.1,25.6,Jalen Williams
1631119,2024-25,00,1610612760,OKC,22.0,47,9,784.0,97,221,0.439,61,153,0.399,23,30,0.767,48,214,262,120,22,29,35,79,278,5.9,2.6,20.2,Jaylin Williams
1629026,2024-25,00,1610612760,OKC,30.0,69,7,1132.0,171,354,0.483,66,171,0.386,28,39,0.718,65,176,241,97,43,10,39,110,436,6.3,1.4,17.0,Kenrich Williams
1631109,2024-25,00,1610612766,CHA,23.0,44,41,1171.0,270,447,0.604,0,4,0.0,131,163,0.804,132,315,447,109,32,54,71,105,671,15.2,2.5,28.7,Mark Williams
1631466,2024-25,00,1610612745,HOU,26.0,20,0,147.0,27,62,0.435,6,26,0.231,5,8,0.625,5,8,13,9,8,4,14,16,65,3.2,0.4,11.0,Nate Williams
1630172,2024-25,00,1610612741,CHI,23.0,63,36,1576.0,205,516,0.397,96,272,0.353,60,83,0.723,43,194,237,124,48,32,86,88,566,9.0,2.0,12.2,Patrick Williams
1630533,2024-25,00,1610612751,BKN,23.0,63,45,1541.0,214,520,0.412,103,302,0.341,101,123,0.821,61,226,287,84,62,28,67,149,632,10.0,1.3,14.9,Ziaire Williams
1629057,2024-25,00,1610612757,POR,27.0,20,3,351.0,50,78,0.641,1,3,0.333,15,17,0.882,35,83,118,21,13,33,17,31,116,5.8,1.0,22.2,Robert Williams III
1631246,2024-25,00,1610612763,MEM,24.0,27,5,499.0,67,167,0.401,26,95,0.274,19,24,0.792,22,76,98,55,12,7,33,45,179,6.6,2.0,12.5,Vince Williams Jr.
1629627,2024-25,00,1610612740,NOP,24.0,30,30,857.0,288,508,0.567,3,13,0.231,158,241,0.656,76,140,216,159,37,27,90,82,737,24.6,5.3,34.3,Zion Williamson
1630592,2024-25,00,1610612751,BKN,24.0,79,22,2031.0,246,620,0.397,122,362,0.337,135,165,0.818,75,195,270,145,40,5,79,164,749,9.5,1.8,12.1,Jalen Wilson
1630164,2024-25,00,1610612754,IND,23.0,1,0,5.0,2,4,0.5,0,1,0.0,2,2,1.0,0,1,1,0,0,0,0,0,6,6.0,0.0,40.4,James Wiseman
1631209,2024-25,00,1610612766,CHA,24.0,20,0,266.0,41,105,0.39,13,33,0.394,25,34,0.735,14,18,32,28,11,0,18,21,120,6.0,1.4,14.0,Isaiah Wong
1626153,2024-25,00,1610612752,NYK,33.0,40,7,635.0,45,131,0.344,20,73,0.274,15,25,0.6,27,39,66,77,35,12,22,25,125,3.1,1.9,11.1,Delon Wright
1627824,2024-25,00,1610612755,PHI,29.0,70,43,1895.0,282,563,0.501,104,274,0.38,100,138,0.725,134,261,395,148,58,24,87,164,768,11.0,2.1,17.6,Guerschon Yabusele
1642385,2024-25,00,1610612751,BKN,22.0,5,0,10.0,1,7,0.143,0,3,0.0,1,2,0.5,0,2,2,0,0,0,0,0,3,0.6,0.0,-9.3,Cui Yongxi
1642443,2024-25,00,1610612741,CHI,24.0,6,0,30.0,4,5,0.8,1,2,0.5,2,2,1.0,1,2,3,6,0,0,1,2,11,1.8,1.0,21.3,Jahmir Young
1629027,2024-25,00,1610612737,ATL,26.0,76,76,2739.0,566,1376,0.411,218,642,0.34,491,561,0.875,36,200,236,880,91,12,355,145,1841,24.2,11.6,25.0,Trae Young
1627826,2024-25,00,1610612746,LAC,28.0,80,80,2624.0,592,942,0.628,0,0,0.0,156,236,0.661,300,710,1010,214,55,90,127,168,1340,16.8,2.7,26.4,Ivica Zubac
1641783,2024-25,00,1610612753,ORL,23.0,74,38,1629.0,199,483,0.412,80,239,0.335,55,63,0.873,73,172,245,113,33,18,56,94,533,7.2,1.5,12.1,Tristan da Silva
1628427,2024-25,00,1610612743,DEN,28.0,13,0,136.0,10,26,0.385,4,15,0.267,0,0,0.0,6,26,32,9,3,2,11,10,24,1.8,0.7,6.2,Vlatko Čančar
203967,2024-25,00,1610612743,DEN,31.0,16,4,210.0,21,58,0.362,7,26,0.269,7,10,0.7,14,36,50,23,7,1,15,19,56,3.5,1.4,10.2,Dario Šarić
